"기준년월","HSK품목코드","수출입구분코드","수산물수출입품목명","수출입구분명","당월수출입중량(킬로그램)","당월수출입미화금액(달러)","당해누계수출입중량(킬로그램)","당해누계수출입미화금액(달러)","데이터기준일자"
"2023-04","0106199000","E","기타 포유동물","수출","105","10704","1004","64833","2023-04-30"
"2023-04","0106201000","E","뱀","수출","2","450","26","7451","2023-04-30"
"2023-04","0106203000","E","거북","수출","3","140","19","22507","2023-04-30"
"2023-04","0106209000","E","기타 파충류","수출","207","198601","536","640934","2023-04-30"
"2023-04","0301190000","E","기타(활어)(민물의 것)","수출","8","146","1980","98891","2023-04-30"
"2023-04","0301929090","E","뱀장어(앵궐라종)","수출","30","816","30","816","2023-04-30"
"2023-04","0301992000","E","방어(활어)","수출","0","0","127","4433","2023-04-30"
"2023-04","0301994091","E","돔(기타/ 참돔)","수출","300","3524","1325","15412","2023-04-30"
"2023-04","0301995000","E","붕장어(활어)","수출","134392","1467746","509005","5443747","2023-04-30"
"2023-04","0301996000","E","갯장어(sharp toothed eel/활어)","수출","427","13702","427","13702","2023-04-30"
"2023-04","0301998000","E","넙치(활어)","수출","179244","3169167","737650","13538187","2023-04-30"
"2023-04","0301999020","E","복어(활어)","수출","0","0","2508","40033","2023-04-30"
"2023-04","0301999040","E","볼락(적어포함/활어)","수출","855","23835","4870","132306","2023-04-30"
"2023-04","0301999060","E","숭어(활어)","수출","37","359","167","2279","2023-04-30"
"2023-04","0301999070","E","미꾸라지(활어)","수출","480","11637","2651","58765","2023-04-30"
"2023-04","0301999099","E","기타어류(활어)","수출","3752","138934","23252","879186","2023-04-30"
"2023-04","0302140000","E","대서양 연어(신선 또는 냉장)(살모 살라) 및 다뉴브 연어(후코 후코)","수출","938","26395","3544","98767","2023-04-30"
"2023-04","0302210000","E","넙치(간장/ 어란제외/신선/ 냉장/피레트/ 어육제외)","수출","9352","204134","40529","859117","2023-04-30"
"2023-04","0302220000","E","가자미(간장/ 어란제외/신선/ 냉장/피레트/어육제외)","수출","335","7197","611","9425","2023-04-30"
"2023-04","0302240000","E","터벗(신선 또는 냉장)(프세타 맥시마)","수출","2139","76258","11792","422915","2023-04-30"
"2023-04","0302290000","E","기타 넙치류(간장/ 어란제외/신선/ 냉장/피레트/ 어육제외)","수출","126524","297563","219042","575802","2023-04-30"
"2023-04","0302340000","E","눈다랑어(터너스오베서스/신선/냉장)","수출","0","0","30","267","2023-04-30"
"2023-04","0302352000","E","태평양 참다랑어(신선 또는 냉장)(터너스 오리엔탈리스)","수출","262","8461","384","12249","2023-04-30"
"2023-04","0302390000","E","기타(신선/냉장)","수출","0","0","210620","1308236","2023-04-30"
"2023-04","0302410000","E","청어(신선 또는 냉장)(클루페아 하렌구스/클루페아 팔라시)","수출","72","1497","3481","3971","2023-04-30"
"2023-04","0302420000","E","멸치(신선 또는 냉장)(엔그라울리스종)","수출","0","0","157","2427","2023-04-30"
"2023-04","0302430000","E","정어리(신선 또는 냉장)(사르디나 필차르두스/사르디노프스종)","수출","1300","2527","1336","2700","2023-04-30"
"2023-04","0302440000","E","고등어(신선 또는 냉장)(스콤버-스콤브루스/오스트랄시쿠스/자포니쿠스))","수출","11","95","15955","103528","2023-04-30"
"2023-04","0302450000","E","전갱이(신선 또는 냉장)(트라커러스종)","수출","1","1","122811","264939","2023-04-30"
"2023-04","0302491000","E","삼치[스콤버로모러스(Scomberomorus)종]","수출","17701","101883","319907","1944236","2023-04-30"
"2023-04","0302492000","E","병어[팜푸스(Pampus)종]","수출","16","447","206","3008","2023-04-30"
"2023-04","0302493000","E","꽁치[콜로라비스 사이라(Cololabis saira)]","수출","0","0","18","707","2023-04-30"
"2023-04","0302499000","E","기타","수출","674","2351","674","2351","2023-04-30"
"2023-04","0302720000","E","메기(신선 또는 냉장)(판가시우스종/실루러스종/클라리아스종/익타루러스종)","수출","0","0","287","1821","2023-04-30"
"2023-04","0302740000","E","뱀장어(신선 또는 냉장)(앵귈라종)","수출","18","907","63","2420","2023-04-30"
"2023-04","0302790000","E","기타(신선 또는 냉장)(틸라피아/메기/잉어/뱀장어 외 기타)","수출","0","0","4","60","2023-04-30"
"2023-04","0302820000","E","가오리와 홍어(라지대과)(신선 또는 냉장)","수출","8","340","673","10718","2023-04-30"
"2023-04","0302840000","E","농어(냉동)(디센트라르쿠스종)","수출","0","0","168","3529","2023-04-30"
"2023-04","0302850000","E","돔(신선 또는 냉장)(스파리대과)","수출","24","295","131","1978","2023-04-30"
"2023-04","0302891000","E","방어(신선 또는 냉장)","수출","222","6164","388858","1028220","2023-04-30"
"2023-04","0302892000","E","갈치(신선 또는 냉장)","수출","84","2309","13836","224139","2023-04-30"
"2023-04","0302893000","E","붕장어(신선 또는 냉장)","수출","2048","23618","6429","78533","2023-04-30"
"2023-04","0302895000","E","꽁치(신선 또는 냉장)(학꽁치를 포함한다)","수출","0","0","8472","87338","2023-04-30"
"2023-04","0302896000","E","돔(신선 또는 냉장)(스파리대과를 제외한다)","수출","10916","26734","19348","60456","2023-04-30"
"2023-04","0302899020","E","복어(신선 또는 냉장)","수출","0","0","15","342","2023-04-30"
"2023-04","0302899040","E","아귀(신선 또는 냉장)","수출","610","2960","94355","435651","2023-04-30"
"2023-04","0302899090","E","기타(신선 또는 냉장)(삼치/복어/병어/아귀 외 기타)","수출","57276","1320338","231887","4361645","2023-04-30"
"2023-04","0302911000","E","간","수출","25","213","55","434","2023-04-30"
"2023-04","0302912000","E","어란(魚卵)ㆍ어백(魚白)","수출","15","107","60","857","2023-04-30"
"2023-04","0302990000","E","기타","수출","20","20","40","263","2023-04-30"
"2023-04","0303110000","E","소크아이 연어(홍연어/옹코링쿠스 넬카)","수출","30536","157457","30536","157457","2023-04-30"
"2023-04","0303120000","E","그 밖의 태평양 연어(옹코링쿠스 고르부스카/옹코링쿠스 케타/옹코링쿠스 차비차/옹코링쿠스 키수츠/옹코링쿠스 마소/옹코링쿠스 로두루스)","수출","818321","1615061","7721445","11407550","2023-04-30"
"2023-04","0303130000","E","대서양연어(냉동)(살모 살라)와 다뉴브연어(후코 후코)","수출","0","0","13977","144901","2023-04-30"
"2023-04","0303190000","E","연어(기타)","수출","1000","14000","21171","52119","2023-04-30"
"2023-04","0303260000","E","뱀장어(냉동)(앵귈라종)","수출","0","0","6","5128","2023-04-30"
"2023-04","0303290000","E","연어(송어/ 대서양연어 등 이외 기타/냉동/피레트/ 어육제외)","수출","48","1228","398","8074","2023-04-30"
"2023-04","0303310000","E","넙치[레인하드티우스 히포글러소이데스/히포글러서스 히포글러서스/히포글러서스 스테노레피스)","수출","12623","88232","261611","2066563","2023-04-30"
"2023-04","0303320000","E","가자미(플루로넥테스 플라테사)","수출","1573","9723","5991","40925","2023-04-30"
"2023-04","0303330000","E","서대(간장/ 어란제외/냉동/피레트/ 어육제외)","수출","240","2595","2319","18654","2023-04-30"
"2023-04","0303391000","E","기타넙치류(냉동)","수출","36752","103521","279613","522931","2023-04-30"
"2023-04","0303399000","E","기타넙치류(냉동)","수출","44229","61383","48414","76293","2023-04-30"
"2023-04","0303410000","E","날개다랑어 또는 긴지느러미다랑어(터너스알라룽가/냉동)","수출","217931","640606","530866","1586154","2023-04-30"
"2023-04","0303420000","E","황다랑어(터너스 알바카레스/냉동)","수출","1816737","4535163","8035493","19012209","2023-04-30"
"2023-04","0303430000","E","가다랑어 또는 줄무늬버니토우(냉동)","수출","4699072","8125860","27373523","42664872","2023-04-30"
"2023-04","0303440000","E","눈다랑어(냉동)","수출","549174","3414001","2200823","8335819","2023-04-30"
"2023-04","0303451000","E","대서양 참다랑어(냉동)(터너스 티너스)","수출","0","0","20479","355483","2023-04-30"
"2023-04","0303452000","E","태평양 참다랑어(냉동)(터너스 오리엔탈리스)","수출","16","974","113271","763822","2023-04-30"
"2023-04","0303460000","E","남방참다랑어(터너스맥코이/냉동)","수출","0","0","129074","2104847","2023-04-30"
"2023-04","0303490000","E","기타(냉동)","수출","0","0","48802","71595","2023-04-30"
"2023-04","0303510000","E","청어(클루페아 하렌구스/클루페아 팔라시)","수출","2386869","2126334","11634513","10135833","2023-04-30"
"2023-04","0303530000","E","정어리(냉동)(사르디나 필차르두스/사르디노프스종)","수출","2880731","1843883","10676548","6878813","2023-04-30"
"2023-04","0303540000","E","고등어(스콤버 스콤브루스/스콤버 오스트랄라시쿠스/스콤버 자포니쿠스)","수출","6393800","5546362","36232898","28196808","2023-04-30"
"2023-04","0303550000","E","전갱이(냉동)(트라커러스종)","수출","920070","1312600","5304018","8071598","2023-04-30"
"2023-04","0303570000","E","황새치(자이피어스글래디어스)","수출","268937","1382213","1074958","6196425","2023-04-30"
"2023-04","0303591000","E","삼치[스콤버로모러스(Scomberomorus)종]","수출","1263055","4614167","4582940","18104906","2023-04-30"
"2023-04","0303592000","E","꽁치[콜로라비스 사이라(Cololabis saira)]","수출","660","2865","61521","160594","2023-04-30"
"2023-04","0303599000","E","기타","수출","56431","108227","129106","357062","2023-04-30"
"2023-04","0303630000","E","대구(가두스 모르화/가두스 오각/가두스 마크로세팔루스)","수출","1045623","3586335","5319783","23808215","2023-04-30"
"2023-04","0303660000","E","민대구(냉동)(메루키우스종 등 2종)","수출","175594","209101","549829","845229","2023-04-30"
"2023-04","0303670000","E","명태(냉동)(테라그라 찰코그라마)","수출","717510","744375","12985125","17007623","2023-04-30"
"2023-04","0303699000","E","기타(냉동)(새꼬리민태 외 기타)","수출","0","0","403","11019","2023-04-30"
"2023-04","0303810000","E","곱상어와 기타 상어(냉동)","수출","0","0","11270","75007","2023-04-30"
"2023-04","0303821000","E","가오리(냉동)","수출","0","0","40","66","2023-04-30"
"2023-04","0303822000","E","홍어(냉동)","수출","84100","142661","102511","199133","2023-04-30"
"2023-04","0303830000","E","이빨고기(냉동)(디소스티쿠스종)","수출","580896","17124104","1371350","40564220","2023-04-30"
"2023-04","0303840000","E","농어(신선 또는 냉장)(디센트라르쿠스종)","수출","1090","1365","9503","61518","2023-04-30"
"2023-04","0303891000","E","은대구(냉동)","수출","0","0","30476","57603","2023-04-30"
"2023-04","0303892000","E","갈치(냉동)","수출","476997","1913833","2460013","5997136","2023-04-30"
"2023-04","0303893010","E","옥돔(냉동)(브랜치오스테거스 자포니커스)","수출","39","1997","12401","32953","2023-04-30"
"2023-04","0303893090","E","돔(냉동)(기타)","수출","2444","32278","55175","237337","2023-04-30"
"2023-04","0303894000","E","붕장어(냉동)","수출","29971","280169","71009","685478","2023-04-30"
"2023-04","0303895010","E","조기(냉동)","수출","9566","17793","68407","346482","2023-04-30"
"2023-04","0303895020","E","조기(냉동)","수출","36","40","2042","6052","2023-04-30"
"2023-04","0303895090","E","조기(냉동)","수출","6404","27126","33206","97731","2023-04-30"
"2023-04","0303896000","E","꽁치(냉동)(학꽁치를 포함한다)","수출","193944","684196","1384771","4283535","2023-04-30"
"2023-04","0303898000","E","복어(냉동)","수출","0","0","100","821","2023-04-30"
"2023-04","0303899010","E","보리멸(냉동)","수출","0","0","5706","3588","2023-04-30"
"2023-04","0303899030","E","달고기(냉동)","수출","0","0","15270","99590","2023-04-30"
"2023-04","0303899040","E","임연수어(냉동)","수출","1580","10724","190630","443434","2023-04-30"
"2023-04","0303899050","E","볼낙(냉동)(적어를 포함한다)","수출","161749","374323","277945","667864","2023-04-30"
"2023-04","0303899060","E","아귀(냉동)","수출","15205","67013","72346","311336","2023-04-30"
"2023-04","0303899070","E","먹장어(냉동)(대서양 또는 태평양)","수출","0","0","900","9337","2023-04-30"
"2023-04","0303899091","E","민어(냉동)","수출","36263","134095","88243","259385","2023-04-30"
"2023-04","0303899092","E","까나리(냉동)","수출","96","1039","96","1039","2023-04-30"
"2023-04","0303899099","E","기타어류(냉동)","수출","2829929","5295860","16081615","26290327","2023-04-30"
"2023-04","0303912010","E","명란","수출","267571","2282349","1268485","10873927","2023-04-30"
"2023-04","0303912090","E","기타","수출","1165","4868","67767","278470","2023-04-30"
"2023-04","0303920000","E","상어 지느러미","수출","0","0","395","3300","2023-04-30"
"2023-04","0303990000","E","기타","수출","299824","856225","834324","2290350","2023-04-30"
"2023-04","0304390000","E","기타(신선 또는 냉장한 피레트)","수출","150","7097","2123","71269","2023-04-30"
"2023-04","0304410000","E","태평양 연어(옹코링쿠스- 넬카/고르부스카/케타/차비차/키수츠/마소//로두루스/ 대서양 연어(살모 살라/다뉴브 연어)","수출","1202","27897","5131","110877","2023-04-30"
"2023-04","0304431000","E","가자미(신선 또는 냉장한 피레트)","수출","0","0","917","9357","2023-04-30"
"2023-04","0304439000","E","넙치류 기타(신선 또는 냉장)","수출","90","5616","781","39638","2023-04-30"
"2023-04","0304480000","E","가오리와 홍어(신선냉장) 피레트","수출","0","0","28","409","2023-04-30"
"2023-04","0304491000","E","붕장어(신선 또는 냉장한 피레트)","수출","72143","872939","310395","3809103","2023-04-30"
"2023-04","0304499000","E","기타(신선 또는 냉장한 피레트)","수출","57","3218","524","27054","2023-04-30"
"2023-04","0304519000","E","틸라피아/메기/잉어/뱀장어/나일퍼치 종의 기타(기타/신선 또는 냉장한 것)","수출","145","2562","623","11465","2023-04-30"
"2023-04","0304530000","E","브레그마세로티대과외","수출","0","0","2","5","2023-04-30"
"2023-04","0304591000","E","붕장어(연육/ 기타)(신선/냉장)","수출","1405","2912","2410","4932","2023-04-30"
"2023-04","0304599090","E","기타(연육 외 기타)(기타/신선 또는 냉장한 것)","수출","3","102","20","1281","2023-04-30"
"2023-04","0304690000","E","틸라피아/메기/잉어/뱀장어/나일퍼치 종의 기타(냉동한 피레트)","수출","120","5873","360","10788","2023-04-30"
"2023-04","0304710000","E","대구(가두스 모르화/가두스 오각/가두스 마크로세팔루스)","수출","42","160","775","2840","2023-04-30"
"2023-04","0304750000","E","명태(냉동한 피레트)(테라그라 찰코그라마)","수출","1776","9986","50059","193000","2023-04-30"
"2023-04","0304810000","E","태평양 연어(옹코링쿠스 -넬카/고르부스카/케타/차비차/키수츠/마소/로두루스)/ 대서양 연어(살모 살라)/다뉴브 연어(후코 후코))","수출","62","2052","62","2052","2023-04-30"
"2023-04","0304831000","E","가자미(냉동한 피레트)","수출","1201","11835","10885","82891","2023-04-30"
"2023-04","0304840000","E","황새치(냉동한 피레트)(자이피어스 글래디어스)","수출","114478","919361","443805","3733009","2023-04-30"
"2023-04","0304860000","E","청어(냉동한 피레트)(클루페아 하렌구스 /클루페아팔라시)","수출","0","0","1848","31401","2023-04-30"
"2023-04","0304871000","E","참다랑어(냉동한 피레트)","수출","167883","5012698","646862","22609770","2023-04-30"
"2023-04","0304879000","E","다랑어 기타(냉동한 피레트)","수출","1390643","16117529","4514450","51702785","2023-04-30"
"2023-04","0304891000","E","붕장어의 것(냉동한 피레트)","수출","39047","474721","137887","1717855","2023-04-30"
"2023-04","0304895000","E","고등어의것(냉동한 것)","수출","0","0","100","324","2023-04-30"
"2023-04","0304899000","E","기타어류의 기타(냉동한 피레트)","수출","131376","1170572","562021","5707445","2023-04-30"
"2023-04","0304941000","E","명태 냉동연육","수출","300540","431323","603340","1479196","2023-04-30"
"2023-04","0304949000","E","명태 냉동연육 외 기타","수출","262092","261630","267505","281560","2023-04-30"
"2023-04","0304970000","E","가오리와 홍어(연육/ 기타)(냉동)","수출","9","330","27","763","2023-04-30"
"2023-04","0304991000","E","기타 냉동연육","수출","24018","68647","227744","622604","2023-04-30"
"2023-04","0304999000","E","기타 냉동연육 외 기타","수출","9657","76910","59528","319853","2023-04-30"
"2023-04","0305204010","E","어란(명태/염장/염수장)","수출","2258","35583","20771","263099","2023-04-30"
"2023-04","0305204020","E","어란(조기/염장/염수장)","수출","0","0","45","526","2023-04-30"
"2023-04","0305204030","E","어란(청어/염장/염수장)","수출","85","2421","182","5061","2023-04-30"
"2023-04","0305204090","E","어란(명태/ 조기/ 청어이외 기타/염장/ 염수장)","수출","480","6536","750","8113","2023-04-30"
"2023-04","0305311000","E","틸라피아/메기/잉어/뱀장어/나일퍼치 종의 건조한 것","수출","147","1596","2208","64730","2023-04-30"
"2023-04","0305321000","E","브레그마세로티대과외6종무리에놀레피디대과어류 건조한것","수출","0","0","324","3520","2023-04-30"
"2023-04","0305391000","E","기타어류의 피레트(건조한것)","수출","218","8731","2126","45446","2023-04-30"
"2023-04","0305392000","E","기타어류의 피레트(염장 또는 염수장한 것)","수출","675","3308","904","4988","2023-04-30"
"2023-04","0305410000","E","태평양 연어(옹코링쿠스- 넬카/고르부스카/케타/차비차/키수츠/마소/로두루스)/ 대서양 연어(살모 살라)/ 다뉴브 연어(후코 후코))","수출","545","11513","1282","29899","2023-04-30"
"2023-04","0305491000","E","멸치(훈제/피레트포함)","수출","1418","17866","5136","65902","2023-04-30"
"2023-04","0305492000","E","명태(훈제/피레트포함)","수출","1436","4136","3055","25618","2023-04-30"
"2023-04","0305499000","E","어류(연어/ 청어/ 멸치/ 명태이외 기타/훈제/피레트 포함)","수출","0","0","8619","112119","2023-04-30"
"2023-04","0305510000","E","대구(건조/염장불문/훈제제외)","수출","580","10092","716","13985","2023-04-30"
"2023-04","0305520000","E","틸라피아[오레오크로미스(Oreochromis)종]/ 메기[판가시우스(Pangasius)종ㆍ실루러스(Silurus)종ㆍ클라리아스(Clarias)종ㆍ익타루러스(Ictalurus)종]/ 잉어[사이","수출","0","0","499","34151","2023-04-30"
"2023-04","0305531000","E","기타 어류(건조)","수출","45999","335654","184663","1282625","2023-04-30"
"2023-04","0305539000","E","기타 어류(건조)","수출","5","30","6","46","2023-04-30"
"2023-04","0305541000","E","멸치[엔그라울리스(Engraulis)종]","수출","86614","1095945","358978","4843143","2023-04-30"
"2023-04","0305549000","E","기타","수출","2133","14575","12548","103193","2023-04-30"
"2023-04","0305594000","E","조기(건조/염장불문/훈제제외)","수출","2146","18869","21763","428479","2023-04-30"
"2023-04","0305597000","E","까나리(건조/염장불문/훈제제외)","수출","0","0","321","765","2023-04-30"
"2023-04","0305599000","E","어류(대구/상어지느러미/멸치/명태/조기등외기타건조/훈제제외)","수출","29599","176331","51717","874016","2023-04-30"
"2023-04","0305631000","E","멸치젓(염장/염수장)","수출","10800","21393","13491","29241","2023-04-30"
"2023-04","0305691000","E","연어(염장/ 염수장)","수출","0","0","1845","10285","2023-04-30"
"2023-04","0305693000","E","갈치(염장/염수장)","수출","726","6451","4136","40517","2023-04-30"
"2023-04","0305695000","E","고등어(염장/염수장)","수출","4889","43853","49982","428292","2023-04-30"
"2023-04","0305696000","E","조기(염장/염수장)","수출","0","0","126","6554","2023-04-30"
"2023-04","0305698000","E","꽁치(학꽁치 포함/염장/ 염수장)","수출","360","3268","360","3268","2023-04-30"
"2023-04","0305699000","E","어류(청어/대구/연어/송어/갈치/정어리/고등어 등 이외)","수출","411","3353","4813","58523","2023-04-30"
"2023-04","0305712000","E","상어 지느러미(건조한 것)","수출","0","0","10750","287400","2023-04-30"
"2023-04","0305720000","E","대구(가두스모르화)/ 대구 이외","수출","0","0","120","1908","2023-04-30"
"2023-04","0305790000","E","기타 어류의 머리 꼬리","수출","4267","42637","18662","178450","2023-04-30"
"2023-04","0306141090","E","게살(냉동한 것) 훈제한 것(기타)","수출","13229","133727","28004","350031","2023-04-30"
"2023-04","0306142000","E","왕게(냉동)","수출","79683","1495500","304296","4062140","2023-04-30"
"2023-04","0306143010","E","꽃게(냉동한 것) 훈제한 것","수출","500","662","500","662","2023-04-30"
"2023-04","0306143090","E","꽃게(냉동한 것) 기타","수출","195625","793127","335135","1266608","2023-04-30"
"2023-04","0306149090","E","갑각류 기타(냉동한 것)(훈제한것 외 기타)","수출","606706","6071153","2349806","18854308","2023-04-30"
"2023-04","0306169090","E","냉수성 새우류(판달러스종/크란곤 크란곤)기타(냉동한 것)(훈제한 것)","수출","193530","4251348","320758","6273498","2023-04-30"
"2023-04","0306171090","E","기타의 새우류의 새우살(냉동한 것)(훈제한 것 외 기타)","수출","2647","29338","21596","173465","2023-04-30"
"2023-04","0306179091","E","흰다리새우{리토페나에수스바나메이)","수출","0","0","10","188","2023-04-30"
"2023-04","0306179099","E","기타","수출","63","1059","25014","20631","2023-04-30"
"2023-04","0306199000","E","기타[분ㆍ조분 및 펠리트를 포함(식용에 적합)](냉동한 것)(훈제한 것 외 기타)","수출","504","15760","3415","105322","2023-04-30"
"2023-04","0306331000","E","꽃게","수출","89121","646623","120178","947754","2023-04-30"
"2023-04","0306332000","E","대게","수출","45423","1212614","119358","3373663","2023-04-30"
"2023-04","0306339000","E","게(기타)","수출","29740","1085746","673380","31137936","2023-04-30"
"2023-04","0306360000","E","그 밖의 새우류","수출","1688","13163","3199","35480","2023-04-30"
"2023-04","0306930000","E","게(건조/ 염상/염수장/ 훈제/ 기타)-게살포함","수출","0","0","784","11168","2023-04-30"
"2023-04","0306951020","E","건조한 것","수출","258","5770","420","10117","2023-04-30"
"2023-04","0306959020","E","건조한 것","수출","1221","22961","1421","28302","2023-04-30"
"2023-04","0306959030","E","염장이나 염수장한 것","수출","27684","119364","120584","556257","2023-04-30"
"2023-04","0306992000","E","건조한 것","수출","0","0","100","3252","2023-04-30"
"2023-04","0307111090","E","굴치패 종패용 외 기타(산 것  신선 또는 냉장한 것)","수출","0","0","586","12715","2023-04-30"
"2023-04","0307119000","E","굴치패 기타(산 것 신선 또는 냉장한 것)","수출","16061","78614","100060","559869","2023-04-30"
"2023-04","0307120000","E","냉동한 것","수출","1280331","9660538","3065371","22626348","2023-04-30"
"2023-04","0307192000","E","기타 굴(건조한 것)","수출","1","27","11","1199","2023-04-30"
"2023-04","0307193000","E","기타 굴(염장 또는 염수장","수출","240","2252","21538","211726","2023-04-30"
"2023-04","0307211000","E","가리비과의조개(산것/ 신선/ 냉장) - 펙텐/ 클라미스/ 프라코펙텐 속의 것","수출","5980","96197","25013","425873","2023-04-30"
"2023-04","0307219000","E","가리비과의조개 기타(산것/ 신선/ 냉장) - 펙텐/ 클라미스/ 프라코펙텐 속의 것 제외","수출","229","3669","1016","9338","2023-04-30"
"2023-04","0307229000","E","가리비과의조개(냉동)","수출","987","10755","988","10795","2023-04-30"
"2023-04","0307310000","E","홍합(산것/신선/냉장)","수출","40","1027","140","1151","2023-04-30"
"2023-04","0307320000","E","냉동한 것","수출","2180","7606","6928","24051","2023-04-30"
"2023-04","0307392000","E","홍합(건조)","수출","12","348","12","348","2023-04-30"
"2023-04","0307399000","E","홍합(산 것/ 신선/ 냉장/ 냉동/ 건조 이외 기타)","수출","600","1855","610","1908","2023-04-30"
"2023-04","0307421090","E","기타","수출","3320","8691","4872","13390","2023-04-30"
"2023-04","0307422090","E","기타","수출","0","0","10","80","2023-04-30"
"2023-04","0307431010","E","세피아 오피시날리스(Sepia officinalis)ㆍ로시아 마크로소마(Rossia macrosoma)ㆍ세피올라(Sepiola)종","수출","50","17","74","365","2023-04-30"
"2023-04","0307431090","E","기타","수출","21","539","202061","247069","2023-04-30"
"2023-04","0307432010","E","옴마스트레페스(Ommastrephes)종ㆍ로리고(Loligo)종ㆍ노토토다루스(Nototodarus)종ㆍ세피오투디스(Sepioteuthis)종","수출","13063","36651","361150","1258364","2023-04-30"
"2023-04","0307432090","E","기타","수출","2631180","8136450","5979949","19432301","2023-04-30"
"2023-04","0307492010","E","갑오징어[세피아 오피시날리스(Sepia officinalis)ㆍ로시아 마크로소마(Rossia macrosoma)ㆍ세피올라(Sepiola)종]와 오징어[옴마스트레페스(Ommastrephes)종ㆍ로","수출","980","11312","1027","12334","2023-04-30"
"2023-04","0307492090","E","기타","수출","94","830","1014","7882","2023-04-30"
"2023-04","0307493010","E","갑오징어[세피아 오피시날리스(Sepia officinalis)ㆍ로시아 마크로소마(Rossia macrosoma)ㆍ세피올라(Sepiola)종]와 오징어[옴마스트레페스(Ommastrephes)종ㆍ로","수출","4295","43320","8265","136870","2023-04-30"
"2023-04","0307493090","E","기타","수출","4836","106850","18813","399046","2023-04-30"
"2023-04","0307494090","E","기타","수출","0","0","1","10","2023-04-30"
"2023-04","0307511000","E","낙지(산것/신선/ 냉장)","수출","3917","59720","12962","221870","2023-04-30"
"2023-04","0307512000","E","주꾸미(산것/신선/ 냉장)","수출","10","381","400","3815","2023-04-30"
"2023-04","0307519000","E","기타문어(산것/신선/ 냉장)","수출","450","18488","2077","89690","2023-04-30"
"2023-04","0307521000","E","문어","수출","1200","17989","67679","230349","2023-04-30"
"2023-04","0307522000","E","낙지","수출","442","3500","4856","36693","2023-04-30"
"2023-04","0307523000","E","쭈꾸미","수출","5799","34443","11585","71093","2023-04-30"
"2023-04","0307529000","E","기타","수출","0","0","872","5658","2023-04-30"
"2023-04","0307592000","E","문어(건조)","수출","268","7092","466","11244","2023-04-30"
"2023-04","0307599000","E","문어(산것/ 신선/ 냉장/ 냉동/ 건조 이외 기타)","수출","790","8527","2093","23176","2023-04-30"
"2023-04","0307711000","E","백합","수출","80","132","2080","7160","2023-04-30"
"2023-04","0307712090","E","피조개 기타(산 것  신선 또는 냉장한 것)","수출","2381906","3821706","5560765","9381754","2023-04-30"
"2023-04","0307713000","E","새조개(산 것/신선 또는 냉장한 것)","수출","56","276","732","10398","2023-04-30"
"2023-04","0307714000","E","바지락(산 것 신선 또는 냉장한 것)","수출","8460","28381","17539","56887","2023-04-30"
"2023-04","0307719000","E","클램/ 새조개 및 피조개 기타 살아있는겄/ 신선한 것/ 냉장한 것","수출","23630","51693","221631","766813","2023-04-30"
"2023-04","0307721000","E","새조개","수출","375","8805","775","23989","2023-04-30"
"2023-04","0307723000","E","바지락","수출","26148","166594","163907","1053803","2023-04-30"
"2023-04","0307724000","E","피조개","수출","978","31876","1118","36300","2023-04-30"
"2023-04","0307729000","E","기타","수출","17795","94965","22757","217411","2023-04-30"
"2023-04","0307793090","E","클램/ 새조개 및 피조개 기타(염장 또는 염수장한 것)","수출","100","700","1200","10312","2023-04-30"
"2023-04","0307794090","E","새조개(훈제한 것)(기타)","수출","28","413","796","8469","2023-04-30"
"2023-04","0307810000","E","전복(산 것 신선 또는 냉장한 것)","수출","250692","4993668","781004","17452949","2023-04-30"
"2023-04","0307820000","E","살아있거나/ 신선하거나 냉장한 수정고둥류[스트롬버스(Strombus)종]","수출","0","0","11","1945","2023-04-30"
"2023-04","0307830000","E","냉동한 전복[할리오티스(Haliotis)종]","수출","5235","181829","12105","423237","2023-04-30"
"2023-04","0307840000","E","냉동한 수정고둥류[스트롬버스(Strombus)종]","수출","42","1220","42","1220","2023-04-30"
"2023-04","0307871000","E","건조한 것","수출","0","0","30","11680","2023-04-30"
"2023-04","0307911000","E","소라(산 것 신선 또는 냉장한 것)","수출","67090","247543","402841","1402216","2023-04-30"
"2023-04","0307913000","E","개아지살(산 것 신선 또는 냉장한 것)","수출","756","23837","2993","97643","2023-04-30"
"2023-04","0307919000","E","기타[분 조분 펠리트 포함(식용 적합)]의 기타(산/신선/냉장)","수출","316836","843212","1081232","2876891","2023-04-30"
"2023-04","0307921000","E","개아지살","수출","5","23","329","4282","2023-04-30"
"2023-04","0307922000","E","소라","수출","28","425","203","2091","2023-04-30"
"2023-04","0307929000","E","기타","수출","84685","588795","490499","4243626","2023-04-30"
"2023-04","0307992900","E","기타[분 조분 펠리트를 포함(식용에 적합한)]의 기타(건조)","수출","24","1311","24","1311","2023-04-30"
"2023-04","0307993000","E","소라/ 기타연체동물(염장/ 염수장)","수출","8388","7024","11488","26271","2023-04-30"
"2023-04","0307994110","E","골뱅이 (훈제한 것)(밀폐용기에 넣은 것)","수출","480","6277","771","9424","2023-04-30"
"2023-04","0307994900","E","기타[분 조분 펠리트를 포함(식용에 적합한)]의 기타(훈제한 것)","수출","267","6235","1442","47667","2023-04-30"
"2023-04","0308110000","E","해삼(산 것 신선 또는 냉장한 것)","수출","1474","37765","6561","152355","2023-04-30"
"2023-04","0308120000","E","냉동한 것","수출","23436","120367","81952","354133","2023-04-30"
"2023-04","0308192000","E","해삼(건조한 것)","수출","10","7834","10","7834","2023-04-30"
"2023-04","0308193000","E","해삼(염장 또는 염수장한 것)","수출","0","0","4780","316514","2023-04-30"
"2023-04","0308210000","E","성게(산 것 신선 또는 냉장한 것)","수출","20","2229","237","24046","2023-04-30"
"2023-04","0308220000","E","냉동한 것","수출","0","0","861","91318","2023-04-30"
"2023-04","0308293000","E","성게(염장 또는 염수장한 것)","수출","50","3270","6478","583524","2023-04-30"
"2023-04","0308302000","E","해파리(냉동한 것)","수출","0","0","1010","7397","2023-04-30"
"2023-04","0308304000","E","해파리(염장 또는 염수장한 것)","수출","15700","33445","783001","1091758","2023-04-30"
"2023-04","0308901019","E","우렁쉥이(기타)(산 것 신선 또는 냉장한 것)","수출","2386","33624","9525","128190","2023-04-30"
"2023-04","0308901090","E","수생무척추동물의 기타(산 것)","수출","333","8198","1067","27056","2023-04-30"
"2023-04","0308902010","E","우렁쉥이(냉동한 것)","수출","4450","64764","12081","180193","2023-04-30"
"2023-04","0308902090","E","수생무척추동물의 기타(냉동 한것)","수출","48","541","311","3542","2023-04-30"
"2023-04","0308903000","E","우렁쉥이/ 기타수생무척추동물(건조)-해삼/성게/해파리 제외","수출","0","0","30","998","2023-04-30"
"2023-04","0308904000","E","수생무척추동물의 기타(염장 또는 염수장한 것)","수출","10","324","1159","27531","2023-04-30"
"2023-04","0309100000","E","식용어류분","수출","209","5363","284","6039","2023-04-30"
"2023-04","0309909000","E","식용어류분","수출","0","0","720","13876","2023-04-30"
"2023-04","0508001000","E","산호(coral)","수출","0","0","10","290","2023-04-30"
"2023-04","0508002020","E","청패각(전복)","수출","0","0","30","220","2023-04-30"
"2023-04","0508002090","E","기타패각","수출","700","25467","44124","90361","2023-04-30"
"2023-04","0508009000","E","연체동물/갑각류/극피동물","수출","140011","248911","544156","818626","2023-04-30"
"2023-04","0511911010","E","부화용알(브라인슈림프알)","수출","12","610","224","10206","2023-04-30"
"2023-04","0511919000","E","어류/갑각류/연체동물/수행동","수출","1390435","972045","2023830","1869117","2023-04-30"
"2023-04","0511996000","E","동물성의해면","수출","0","0","4","6336","2023-04-30"
"2023-04","1212211010","E","김(건조한 것)(식용의 것)","수출","1771956","28036913","6727342","107419291","2023-04-30"
"2023-04","1212211030","E","김(냉동한 것)(식용의 것)","수출","0","0","72","1540","2023-04-30"
"2023-04","1212211090","E","김(기타)(식용의 것)","수출","3176","48592","18383","221677","2023-04-30"
"2023-04","1212212010","E","미역(건조한 것)(식용의 것)","수출","227537","2690213","734314","8714033","2023-04-30"
"2023-04","1212212020","E","미역(염장한 것)(식용의 것)","수출","753924","803183","1466159","2513483","2023-04-30"
"2023-04","1212212040","E","미역(냉동한 것)(식용의 것)","수출","654220","866347","2664274","3511521","2023-04-30"
"2023-04","1212212090","E","미역(기타)(식용의 것)","수출","24032","122512","92834","397684","2023-04-30"
"2023-04","1212213010","E","톳(건조한 것)(식용의 것)","수출","122966","1128947","546015","5118686","2023-04-30"
"2023-04","1212213020","E","톳(냉장한 것)(식용의 것)","수출","0","0","2","9","2023-04-30"
"2023-04","1212213090","E","톳(기타)(식용의 것)","수출","95","985","5142","53211","2023-04-30"
"2023-04","1212214010","E","파래(건조한 것)(식용의 것)","수출","51","1073","1808","28428","2023-04-30"
"2023-04","1212214030","E","냉동한 것","수출","0","0","812","10898","2023-04-30"
"2023-04","1212214090","E","파래(기타)(식용의 것)","수출","7917","141596","23967","670524","2023-04-30"
"2023-04","1212215010","E","다시마(염장한 것)(식용의 것)","수출","10272","26568","50846","109563","2023-04-30"
"2023-04","1212215030","E","다시마(냉동한 것)(식용의 것)","수출","959","2089","6334","17136","2023-04-30"
"2023-04","1212215090","E","다시마(기타)(식용의 것)","수출","32263","362834","114624","1473468","2023-04-30"
"2023-04","1212216090","E","우뭇가사리(기타)(식용의 것)","수출","25248","267739","94108","774640","2023-04-30"
"2023-04","1212217029","E","기타","수출","0","0","3600","104739","2023-04-30"
"2023-04","1212219011","E","코토니 및 스피노잠(냉동)(식용의 것)","수출","0","0","77","1475","2023-04-30"
"2023-04","1212219099","E","해초류와 기타조류 기타(기타)(식용의 것)","수출","4744","33595","22640","210016","2023-04-30"
"2023-04","1212291090","E","김(기타)","수출","0","0","577","17852","2023-04-30"
"2023-04","1212292090","E","미역(기타)","수출","5805","59380","15498","188234","2023-04-30"
"2023-04","1212294090","E","파래(기타)","수출","0","0","65","409","2023-04-30"
"2023-04","1212295090","E","다시마(기타)","수출","396","4952","4078","38432","2023-04-30"
"2023-04","1212299091","E","해초류와 기타조류 기타(냉동","수출","0","0","120","1266","2023-04-30"
"2023-04","1212299099","E","해초류와 기타조류 기타(기타)","수출","5470","13400","22377","47443","2023-04-30"
"2023-04","1302311000","E","실한천","수출","2805","110038","8884","372883","2023-04-30"
"2023-04","1302312000","E","분한천","수출","50476","1432712","127096","3427547","2023-04-30"
"2023-04","1302319000","E","한천(실한천/분한천 이외 기타)","수출","7","820","487","7942","2023-04-30"
"2023-04","1504101000","E","상어의 간유(肝油)와 그 분획물","수출","0","0","63","12392","2023-04-30"
"2023-04","1504109000","E","어류의간유/분획물(상어의간유","수출","15200","54579","116000","248062","2023-04-30"
"2023-04","1504200000","E","어류의 지방과 기름 및 그 분획물[간유(肝油)는 제외한다]","수출","0","0","25297","162975","2023-04-30"
"2023-04","1603003000","E","어류의액스","수출","9159","47216","39791","160601","2023-04-30"
"2023-04","1603004000","E","어류의즙","수출","10138","20883","43865","86821","2023-04-30"
"2023-04","1603009000","E","갑각류/연체동물/수생동물의","수출","38515","180448","223706","1106390","2023-04-30"
"2023-04","1604111000","E","연어(조제/밀폐용기에 넣은 것)","수출","15","447","2745","26275","2023-04-30"
"2023-04","1604119000","E","연어(조제/밀페용기에 넣은 것 이외 기타)","수출","0","0","167","3998","2023-04-30"
"2023-04","1604121000","E","청어(밀폐용기에넣은것)","수출","120","2697","120","2697","2023-04-30"
"2023-04","1604129000","E","청어(통조림외조제품)","수출","270","3582","2670","33508","2023-04-30"
"2023-04","1604141011","E","다랭이(기름담금)","수출","18684","143345","103140","772369","2023-04-30"
"2023-04","1604141012","E","다랭이(보일드)","수출","0","0","451","2624","2023-04-30"
"2023-04","1604141019","E","다랭이류(다랭이/ 가다랭이 이외 기타/조제/밀폐용기에 넣은 것)","수출","66953","560358","191988","1813306","2023-04-30"
"2023-04","1604141021","E","다랭이류(조제/밀폐용기에 넣은 것 이외 기타)","수출","120065","743866","486855","3110939","2023-04-30"
"2023-04","1604141029","E","가다랭이(기타)","수출","64149","448334","254362","1660690","2023-04-30"
"2023-04","1604141039","E","버니토우(기타)","수출","0","0","301","2722","2023-04-30"
"2023-04","1604149000","E","다랭이류(조제/밀폐용기에 넣은 것 이외 기타)","수출","20","317","2806","25179","2023-04-30"
"2023-04","1604151000","E","고등어(조제/밀폐용기에 넣은 것)","수출","8263","31355","49312","271230","2023-04-30"
"2023-04","1604159000","E","고등어(조제/밀폐용기에 넣은 것 이외 기타)","수출","3600","41638","10372","104551","2023-04-30"
"2023-04","1604161000","E","멸치(조제/밀폐용기에 넣은 것)","수출","1136","23391","5005","90980","2023-04-30"
"2023-04","1604169000","E","전갱이(조제/밀폐용기에 넣은 것 이외 기타)","수출","4587","149749","16940","378239","2023-04-30"
"2023-04","1604171000","E","뱀장어(조제 또는 저장처리)(밀폐용기에 넣은 것)","수출","269","6451","25383","496372","2023-04-30"
"2023-04","1604179000","E","뱀장어(조제 또는 저장처리)","수출","242","7487","1700","40230","2023-04-30"
"2023-04","1604191010","E","꽁치(통조림외조제품)","수출","17554","102839","109577","487321","2023-04-30"
"2023-04","1604191090","E","어류조제품(연어/청어/정어리/고등어 등 밀폐용기에넣은것)","수출","3161","33026","10509","127069","2023-04-30"
"2023-04","1604199010","E","쥐치포(조제/밀페용기 이외 기타)","수출","7290","100535","47467","791750","2023-04-30"
"2023-04","1604199090","E","어류조제품(연어/청어/고등어/기타/조제/밀폐용기에 넣은 것)","수출","31360","507283","92092","1498656","2023-04-30"
"2023-04","1604201000","E","생선페이스트","수출","1600","7933","1600","7933","2023-04-30"
"2023-04","1604202000","E","생선마리네이드","수출","0","0","1147","8945","2023-04-30"
"2023-04","1604203000","E","생선소시지","수출","143861","852742","588356","3490058","2023-04-30"
"2023-04","1604204010","E","생선묵(게맛)","수출","583545","2889112","2132362","10694827","2023-04-30"
"2023-04","1604204090","E","생선묵(게맛의 것 이외 기타)","수출","771597","2750639","3058236","10912098","2023-04-30"
"2023-04","1604209000","E","어류조제/저장제품(생선 페이스트/마리네이드/소시지/생선묵)","수출","246157","2180380","896388","7644715","2023-04-30"
"2023-04","1604320000","E","캐비아 대용물","수출","35661","802038","131819","2468941","2023-04-30"
"2023-04","1605101010","E","게살(밀폐용기에넣은것)","수출","3999","54789","16548","149617","2023-04-30"
"2023-04","1605101091","E","붉은 대게살(밀폐용기에 넣은 것/ 훈제한 것 이외 기타)","수출","323694","4691111","1275990","18411223","2023-04-30"
"2023-04","1605101099","E","기타 게살(밀폐용기에 넣은 것/ 훈제한 것 이외 기타)","수출","19439","342264","56313","925618","2023-04-30"
"2023-04","1605109000","E","게 조제품(게살 이외 기타)","수출","32187","373014","116355","1259390","2023-04-30"
"2023-04","1605211000","E","새우류(조제 또는 저장처리)(밀폐용기에 넣지 아니한 것)(브레드한 것)","수출","6076","55243","22318","225708","2023-04-30"
"2023-04","1605219000","E","새우류(조제 또는 저장처리)(밀폐용기에 넣지 아니한 것)(기타)","수출","4599","38305","25118","163209","2023-04-30"
"2023-04","1605290000","E","새우류(조제 또는 저장처리)","수출","10689","61480","33981","196337","2023-04-30"
"2023-04","1605301000","E","바다가재(밀폐용기에넣은것)","수출","216","5198","216","5198","2023-04-30"
"2023-04","1605401000","E","기타갑각류(밀폐용기에넣은것)","수출","0","0","28","425","2023-04-30"
"2023-04","1605409000","E","갑각류 조제품(게/새우/바다가재기타/밀폐용기에넣은것이외기타)","수출","24","331","112","2315","2023-04-30"
"2023-04","1605511000","E","굴(조제 또는 저장처리)(밀폐용기에 넣은 것)","수출","299033","2587062","792802","6495488","2023-04-30"
"2023-04","1605519000","E","굴(조제 또는 저장처리)(기타)","수출","121934","2253488","187346","3273838","2023-04-30"
"2023-04","1605520000","E","가리비과의조개(조제/저장/기타/ 밀폐용기에 넣은 것 포함)","수출","0","0","980","17285","2023-04-30"
"2023-04","1605531000","E","홍합(조제 또는 저장처리)(밀폐용기에 넣은 것)","수출","1777","15566","7349","80566","2023-04-30"
"2023-04","1605539000","E","홍합(조제 또는 저장처리)(기타)","수출","1050","4620","4474","18693","2023-04-30"
"2023-04","1605541000","E","갑오징어/ 기타조제저장처리갑오징어(밀폐용기에넣은것 포함/ 밀폐용기이외)","수출","0","0","18","464","2023-04-30"
"2023-04","1605542010","E","오징어(조제 또는 저장처리)(밀폐용기에 넣은 것)","수출","11228","67870","20359","135934","2023-04-30"
"2023-04","1605542091","E","조미오징어(조제 또는 저장처리)(밀폐용기에 넣은 것)","수출","66780","960087","237731","3654804","2023-04-30"
"2023-04","1605542099","E","오징어 기타(조제 또는 저장처리)","수출","36584","351843","203853","2240046","2023-04-30"
"2023-04","1605550000","E","문어/ 기타조제저장처리문어(밀폐용기에넣은것 포함/ 밀폐용기이외)","수출","9823","124286","28325","347617","2023-04-30"
"2023-04","1605561010","E","바지락(조제 또는 저장처리)(밀폐용기에 넣은 것)","수출","1362","12323","6972","96143","2023-04-30"
"2023-04","1605561090","E","바지락(조제 또는 저장처리)(기타)","수출","333","1509","531","3121","2023-04-30"
"2023-04","1605562090","E","새조개(조제 또는 저장처리)(기타)","수출","5675","216377","11427","420267","2023-04-30"
"2023-04","1605569010","E","클램/ 새조개 및 피조개 기타(조제 또는 저장처리)(밀폐용기에 넣은 것)","수출","540","4775","2636","25536","2023-04-30"
"2023-04","1605569090","E","클램/ 새조개 및 피조개 기타(조제 또는 저장처리)(기타)","수출","0","0","968","7846","2023-04-30"
"2023-04","1605571000","E","전복(밀폐용기에넣은것)","수출","3808","203892","7755","278471","2023-04-30"
"2023-04","1605579000","E","전복(조제 또는 저장처리) 기타","수출","39","1137","3031","99628","2023-04-30"
"2023-04","1605581000","E","달팽이(조제 또는 저장처리)(밀폐용기에 넣은 것)","수출","100","659","148","944","2023-04-30"
"2023-04","1605591010","E","골뱅이(조제 또는 저장처리)(밀폐용기에 넣은 것)","수출","20185","217144","105481","1126818","2023-04-30"
"2023-04","1605591090","E","골뱅이(조제 또는 저장처리)(기타)","수출","3251","27093","26862","94661","2023-04-30"
"2023-04","1605592090","E","소라(조제 또는 저장처리)기타","수출","102725","754545","398984","1836025","2023-04-30"
"2023-04","1605599010","E","연체동물 기타(조제 또는 저장처리)(밀폐용기에 넣은 것)","수출","2055","37131","9723","110218","2023-04-30"
"2023-04","1605599090","E","연체동물 기타(조제 또는 저장처리)(기타)","수출","11926","177370","51595","724144","2023-04-30"
"2023-04","1605611000","E","해삼(조제 또는 저장처리)(밀폐용기에 넣은 것)","수출","0","0","10010","702989","2023-04-30"
"2023-04","1605619000","E","해삼(조제 또는 저장처리)기타","수출","98902","2100309","470724","5147991","2023-04-30"
"2023-04","1605639000","E","해파리(조제 또는 저장처리)(기타)","수출","1500","8015","3000","14700","2023-04-30"
"2023-04","1605690000","E","기타조제저장처리수생무척추동물(밀폐용기에넣은것 포함/ 밀폐용기에 넣지 않은 것)-해삼/성게/해파리제외","수출","1812","19624","8940","66480","2023-04-30"
"2023-04","2008995010","E","김","수출","1553853","40551524","5895592","151268878","2023-04-30"
"2023-04","2008995090","E","조제한 해조류 김 제외","수출","338569","2093384","984554","5785757","2023-04-30"
"2023-04","2102203010","E","클로렐라 효모(둥글넓적한 것)","수출","50","726","2050","28197","2023-04-30"
"2023-04","2102203090","E","클로렐라 효모(기타)","수출","32822","391090","85922","1028628","2023-04-30"
"2023-04","2102204010","E","스리루리나 효모(둥글넓적한 것)","수출","157","38021","1462","87708","2023-04-30"
"2023-04","2102204090","E","스리루리나 효모(기타)","수출","1016","55517","5855","313994","2023-04-30"
"2023-04","2104102000","E","어류의 수우프/ 브로드와 수우프 브로드 제조용 조제품","수출","26473","217500","109987","759363","2023-04-30"
"2023-04","2301201000","E","어류의 분.조분 및 펠리트","수출","126837","156123","412794","513734","2023-04-30"
"2023-04","2301209000","E","어류외기타 분.조분 및 펠리트","수출","4470000","4175942","16060010","14718593","2023-04-30"
"2023-04","2501001010","E","암염(岩鹽)","수출","0","0","156","199","2023-04-30"
"2023-04","2501001020","E","천일염","수출","48780","70880","636939","371025","2023-04-30"
"2023-04","2501009010","E","식염","수출","348952","347617","2096065","1999198","2023-04-30"
"2023-04","2501009020","E","순염화나트륨","수출","651","2601","3459","19227","2023-04-30"
"2023-04","2501009090","E","기타소금/해수","수출","1048696","229741","7579505","1261990","2023-04-30"
"2023-04","7101220000","E","양식진주(가공한것)","수출","3","480","19","8810","2023-04-30"
"2023-04","7116101000","E","천연진주로만든 것","수출","0","0","2","4753","2023-04-30"
"2023-04","7116102000","E","양식진주로 만든 것","수출","6","10921","32","41425","2023-04-30"
"2023-04","9601901090","E","패각(기타)","수출","331","218832","2363","443664","2023-04-30"
"2023-04","9606291000","E","조개껍질로 만든것","수출","299","29861","2829","228569","2023-04-30"
"2023-04","0106199000","I","기타 포유동물","수입","3029","1032487","11399","3811460","2023-04-30"
"2023-04","0106201000","I","뱀","수입","31","19127","96","45773","2023-04-30"
"2023-04","0106202000","I","자라(산동물)","수입","2805","32711","14138","154004","2023-04-30"
"2023-04","0106203000","I","거북","수입","308","31623","894","231360","2023-04-30"
"2023-04","0106209000","I","기타 파충류","수입","233","94325","676","339461","2023-04-30"
"2023-04","0106903010","I","갯지렁이","수입","35653","470412","118794","1475815","2023-04-30"
"2023-04","0106903020","I","실지렁이","수입","100","6819","102","6869","2023-04-30"
"2023-04","0106903090","I","기타","수입","193","2286","683","47881","2023-04-30"
"2023-04","0210999090","I","기타 육·설육","수입","6","29","273","20303","2023-04-30"
"2023-04","0301111000","I","비단잉어(활어)(민물의 것)","수입","80","793","707","16558","2023-04-30"
"2023-04","0301119000","I","기타(활어)(비단잉어 외  민물의 것)","수입","7248","415578","34872","1855560","2023-04-30"
"2023-04","0301190000","I","기타(활어)(민물의 것)","수입","2155","59936","11854","340021","2023-04-30"
"2023-04","0301921000","I","실뱀장어(한마리당 0.3그램 이하인 것으로서 양식용으로 한정)","수입","4315","79456686","6611","120195763","2023-04-30"
"2023-04","0301922000","I","새끼뱀장어(한 마리당0.3그램을 초과하고50그램이하인것으로양식용으로한정)","수입","0","0","221","12305","2023-04-30"
"2023-04","0301929090","I","뱀장어(앵궐라종)","수입","345818","4153153","1383717","16543448","2023-04-30"
"2023-04","0301931000","I","붕어(활어) 카라시우스속","수입","4175","17077","17693","69498","2023-04-30"
"2023-04","0301939000","I","잉어(기타)","수입","145033","454970","656633","2049331","2023-04-30"
"2023-04","0301992000","I","방어(활어)","수입","50102","659566","751468","9500008","2023-04-30"
"2023-04","0301994091","I","돔(기타/ 참돔)","수입","379403","3183059","1731343","14670952","2023-04-30"
"2023-04","0301994099","I","돔(기타/ 기타)","수입","50039","864146","157505","2257634","2023-04-30"
"2023-04","0301995000","I","붕장어(활어)","수입","10","120","10","120","2023-04-30"
"2023-04","0301997000","I","먹장어(활어)","수입","77041","802299","257446","2695654","2023-04-30"
"2023-04","0301998000","I","넙치(활어)","수입","94992","1059720","332187","3699860","2023-04-30"
"2023-04","0301999010","I","능성어(활어)","수입","1884","35639","27409","515049","2023-04-30"
"2023-04","0301999020","I","복어(활어)","수입","15591","376117","65445","1565021","2023-04-30"
"2023-04","0301999051","I","농어(양식용치어)","수입","0","0","13441","243533","2023-04-30"
"2023-04","0301999059","I","농어(기타)","수입","256772","2034134","840225","6764600","2023-04-30"
"2023-04","0301999070","I","미꾸라지(활어)","수입","638645","2547930","2494299","9757410","2023-04-30"
"2023-04","0301999080","I","메기(활어)","수입","129257","402986","177079","553967","2023-04-30"
"2023-04","0301999095","I","민어(활어)","수입","263277","1754468","904761","5986662","2023-04-30"
"2023-04","0301999099","I","기타어류(활어)","수입","139430","1554622","417439","4521488","2023-04-30"
"2023-04","0302110000","I","송어(신선/냉장)","수입","7008","94678","7096","95991","2023-04-30"
"2023-04","0302130000","I","태평양연어(옹코링쿠스-넬카/고르부스카/케타/차비차/키수츠/마소/로드루스)","수입","1088","21948","4575","92331","2023-04-30"
"2023-04","0302140000","I","대서양 연어(신선 또는 냉장)(살모 살라) 및 다뉴브 연어(후코 후코)","수입","1538872","23836521","6836797","105989893","2023-04-30"
"2023-04","0302240000","I","터벗(신선 또는 냉장)(프세타 맥시마)","수입","0","0","43","580","2023-04-30"
"2023-04","0302340000","I","눈다랑어(터너스오베서스/신선/냉장)","수입","0","0","106","1525","2023-04-30"
"2023-04","0302351000","I","대서양 참다랑어(터너스 터너스)","수입","9987","341335","35321","1197576","2023-04-30"
"2023-04","0302352000","I","태평양 참다랑어(신선 또는 냉장)(터너스 오리엔탈리스)","수입","569","14227","2272","56946","2023-04-30"
"2023-04","0302420000","I","멸치(신선 또는 냉장)(엔그라울리스종)","수입","0","0","3","47","2023-04-30"
"2023-04","0302450000","I","전갱이(신선 또는 냉장)(트라커러스종)","수입","100","2086","165","3880","2023-04-30"
"2023-04","0302510000","I","대구(신선 또는 냉장)(가두스 모르화/가두스 오각/가두스 마크로세팔루스)","수입","4928","9345","314087","615684","2023-04-30"
"2023-04","0302550000","I","명태(신선 또는 냉장)(테라그라 찰코그라마)","수입","118807","241221","830702","2155718","2023-04-30"
"2023-04","0302790000","I","기타(신선 또는 냉장)(틸라피아/메기/잉어/뱀장어 외 기타)","수입","0","0","1","34","2023-04-30"
"2023-04","0302820000","I","가오리와 홍어(라지대과)(신선 또는 냉장)","수입","117929","675728","449386","2328322","2023-04-30"
"2023-04","0302840000","I","농어(냉동)(디센트라르쿠스종)","수입","1192","24851","6047","126165","2023-04-30"
"2023-04","0302850000","I","돔(신선 또는 냉장)(스파리대과)","수입","1565","7383","6285","35264","2023-04-30"
"2023-04","0302891000","I","방어(신선 또는 냉장)","수입","450","10255","2085","49211","2023-04-30"
"2023-04","0302892000","I","갈치(신선 또는 냉장)","수입","1630","19761","154897","1248691","2023-04-30"
"2023-04","0302896000","I","돔(신선 또는 냉장)(스파리대과를 제외한다)","수입","111","2708","905","17559","2023-04-30"
"2023-04","0302899040","I","아귀(신선 또는 냉장)","수입","16610","32584","70740","139467","2023-04-30"
"2023-04","0302899090","I","기타(신선 또는 냉장)(삼치/복어/병어/아귀 외 기타)","수입","1511","15927","6623","37490","2023-04-30"
"2023-04","0302912000","I","어란(魚卵)ㆍ어백(魚白)","수입","0","0","30","2501","2023-04-30"
"2023-04","0302990000","I","기타","수입","71","558","1271","8555","2023-04-30"
"2023-04","0303110000","I","소크아이 연어(홍연어/옹코링쿠스 넬카)","수입","0","0","30536","154359","2023-04-30"
"2023-04","0303120000","I","그 밖의 태평양 연어(옹코링쿠스 고르부스카/옹코링쿠스 케타/옹코링쿠스 차비차/옹코링쿠스 키수츠/옹코링쿠스 마소/옹코링쿠스 로두루스)","수입","1556771","8710056","6807420","32970971","2023-04-30"
"2023-04","0303130000","I","대서양연어(냉동)(살모 살라)와 다뉴브연어(후코 후코)","수입","94637","779766","940978","7611441","2023-04-30"
"2023-04","0303230000","I","틸라피아(냉동)(오레오크로미스종)","수입","86628","241264","263114","688282","2023-04-30"
"2023-04","0303240000","I","메기(냉동)(판가시우스종/실루러스종/클라리아스종/익타루러스종)","수입","129009","302566","379921","884009","2023-04-30"
"2023-04","0303250000","I","잉어(사이프리너스 카르피오/카라시우스 카라시우스/크테노파린고돈 이델루스/하이포프탈미크티스종ㆍ시리누스종ㆍ마일로파린고돈 피세우스)","수입","6093","18631","59596","159361","2023-04-30"
"2023-04","0303290000","I","연어(송어/ 대서양연어 등 이외 기타/냉동/피레트/ 어육제외)","수입","9000","47660","9000","47660","2023-04-30"
"2023-04","0303310000","I","넙치[레인하드티우스 히포글러소이데스/히포글러서스 히포글러서스/히포글러서스 스테노레피스)","수입","0","0","208123","1569782","2023-04-30"
"2023-04","0303320000","I","가자미(플루로넥테스 플라테사)","수입","19800","52460","342684","383173","2023-04-30"
"2023-04","0303330000","I","서대(간장/ 어란제외/냉동/피레트/ 어육제외)","수입","38501","132189","136767","691653","2023-04-30"
"2023-04","0303391000","I","기타넙치류(냉동)","수입","1492202","3559059","8349569","18452501","2023-04-30"
"2023-04","0303399000","I","기타넙치류(냉동)","수입","524121","1521462","1759398","5688616","2023-04-30"
"2023-04","0303410000","I","날개다랑어 또는 긴지느러미다랑어(터너스알라룽가/냉동)","수입","0","0","43409","144685","2023-04-30"
"2023-04","0303420000","I","황다랑어(터너스 알바카레스/냉동)","수입","73461","306647","403357","1876275","2023-04-30"
"2023-04","0303430000","I","가다랑어 또는 줄무늬버니토우(냉동)","수입","0","0","3348","9629","2023-04-30"
"2023-04","0303440000","I","눈다랑어(냉동)","수입","6417","22577","55193","272199","2023-04-30"
"2023-04","0303451000","I","대서양 참다랑어(냉동)(터너스 티너스)","수입","45184","553279","151906","1897180","2023-04-30"
"2023-04","0303452000","I","태평양 참다랑어(냉동)(터너스 오리엔탈리스)","수입","1412","13347","33982","658895","2023-04-30"
"2023-04","0303460000","I","남방참다랑어(터너스맥코이/냉동)","수입","3058","18353","51260","612111","2023-04-30"
"2023-04","0303490000","I","기타(냉동)","수입","3030","7134","3030","7134","2023-04-30"
"2023-04","0303510000","I","청어(클루페아 하렌구스/클루페아 팔라시)","수입","1316090","995565","12902440","9753925","2023-04-30"
"2023-04","0303530000","I","정어리(냉동)(사르디나 필차르두스/사르디노프스종)","수입","2243118","1081844","18759753","8902440","2023-04-30"
"2023-04","0303540000","I","고등어(스콤버 스콤브루스/스콤버 오스트랄라시쿠스/스콤버 자포니쿠스)","수입","7927867","17700696","28172621","60792953","2023-04-30"
"2023-04","0303550000","I","전갱이(냉동)(트라커러스종)","수입","3000","5528","413113","730711","2023-04-30"
"2023-04","0303570000","I","황새치(자이피어스글래디어스)","수입","336352","1983678","1477818","9574413","2023-04-30"
"2023-04","0303591000","I","삼치[스콤버로모러스(Scomberomorus)종]","수입","108630","415136","108630","415136","2023-04-30"
"2023-04","0303592000","I","꽁치[콜로라비스 사이라(Cololabis saira)]","수입","158512","479312","9617751","25358235","2023-04-30"
"2023-04","0303599000","I","기타","수입","1989029","1185329","5592582","3782543","2023-04-30"
"2023-04","0303630000","I","대구(가두스 모르화/가두스 오각/가두스 마크로세팔루스)","수입","1761319","5247619","8212266","30233412","2023-04-30"
"2023-04","0303660000","I","민대구(냉동)(메루키우스종 등 2종)","수입","27510","35763","100980","143940","2023-04-30"
"2023-04","0303670000","I","명태(냉동)(테라그라 찰코그라마)","수입","10712974","11027222","64604435","67326779","2023-04-30"
"2023-04","0303680000","I","블루 화이팅스(마이크로메시스티우스 포우타소우/마이크로메시스티우스 오스트랄리스)","수입","93309","47627","99419","50744","2023-04-30"
"2023-04","0303810000","I","곱상어와 기타 상어(냉동)","수입","89674","422270","265920","1268711","2023-04-30"
"2023-04","0303821000","I","가오리(냉동)","수입","13973","40634","78838","245728","2023-04-30"
"2023-04","0303822000","I","홍어(냉동)","수입","347711","1681338","782954","3714967","2023-04-30"
"2023-04","0303830000","I","이빨고기(냉동)(디소스티쿠스종)","수입","87092","1503436","266054","4723632","2023-04-30"
"2023-04","0303840000","I","농어(신선 또는 냉장)(디센트라르쿠스종)","수입","105","588","321","2270","2023-04-30"
"2023-04","0303891000","I","은대구(냉동)","수입","1405","22057","52957","645488","2023-04-30"
"2023-04","0303892000","I","갈치(냉동)","수입","1506972","5104332","5176311","16764676","2023-04-30"
"2023-04","0303893010","I","옥돔(냉동)(브랜치오스테거스 자포니커스)","수입","48710","173277","224278","1118972","2023-04-30"
"2023-04","0303893020","I","옥두어(냉동)(브랜치오스테거스 알부스)","수입","28504","117310","100504","492959","2023-04-30"
"2023-04","0303893090","I","돔(냉동)(기타)","수입","57399","200382","401742","1581080","2023-04-30"
"2023-04","0303895010","I","조기(냉동)","수입","463394","1630398","1644010","6174433","2023-04-30"
"2023-04","0303895020","I","조기(냉동)","수입","640817","2874733","3498730","15621143","2023-04-30"
"2023-04","0303895090","I","조기(냉동)","수입","70721","301341","215636","910886","2023-04-30"
"2023-04","0303898000","I","복어(냉동)","수입","566430","1424506","1899790","5374288","2023-04-30"
"2023-04","0303899020","I","홍살치(냉동)","수입","0","0","2100","34650","2023-04-30"
"2023-04","0303899040","I","임연수어(냉동)","수입","891899","2273796","2713809","6197632","2023-04-30"
"2023-04","0303899050","I","볼낙(냉동)(적어를 포함한다)","수입","899863","1985808","4114822","9317754","2023-04-30"
"2023-04","0303899060","I","아귀(냉동)","수입","2406510","4505116","12642361","21342760","2023-04-30"
"2023-04","0303899070","I","먹장어(냉동)(대서양 또는 태평양)","수입","137349","461212","476540","1641721","2023-04-30"
"2023-04","0303899080","I","밀크피쉬(냉동)","수입","83152","153586","312124","527800","2023-04-30"
"2023-04","0303899091","I","민어(냉동)","수입","1154307","5897643","5205653","25740956","2023-04-30"
"2023-04","0303899092","I","까나리(냉동)","수입","1619786","1037371","9062586","5551574","2023-04-30"
"2023-04","0303899099","I","기타어류(냉동)","수입","1572831","4092146","6754999","16398739","2023-04-30"
"2023-04","0303912010","I","명란","수입","1564139","10631064","4890429","35096190","2023-04-30"
"2023-04","0303912090","I","기타","수입","3342031","12529270","7274857","27578169","2023-04-30"
"2023-04","0303990000","I","기타","수입","309647","1249618","1514642","6118163","2023-04-30"
"2023-04","0304390000","I","기타(신선 또는 냉장한 피레트)","수입","3","91","3","91","2023-04-30"
"2023-04","0304410000","I","태평양 연어(옹코링쿠스- 넬카/고르부스카/케타/차비차/키수츠/마소//로두루스/ 대서양 연어(살모 살라/다뉴브 연어)","수입","494538","10532255","2120121","45610325","2023-04-30"
"2023-04","0304420000","I","송어(살모 트루타/옹코링쿠스-미키스/ 클라키/아구아보니타/길래/아파케/ 크리소가스터)","수입","2206","59051","2206","59051","2023-04-30"
"2023-04","0304431000","I","가자미(신선 또는 냉장한 피레트)","수입","10","279","10","279","2023-04-30"
"2023-04","0304492000","I","참다랑어(신선 또는 냉장한 피레트)","수입","906","48750","4116","215459","2023-04-30"
"2023-04","0304499000","I","기타(신선 또는 냉장한 피레트)","수입","0","0","8","48","2023-04-30"
"2023-04","0304599090","I","기타(연육 외 기타)(기타/신선 또는 냉장한 것)","수입","4","32","14","245","2023-04-30"
"2023-04","0304610000","I","틸라피아(냉동한 피레트)(오레오크로미스종)","수입","42494","436684","170128","1794552","2023-04-30"
"2023-04","0304620000","I","메기(냉동한 피레트)(판가시우스종/실루러스종/클라리아스종/익타루러스종)","수입","54584","226809","394996","1803040","2023-04-30"
"2023-04","0304690000","I","틸라피아/메기/잉어/뱀장어/나일퍼치 종의 기타(냉동한 피레트)","수입","15140","241024","73835","1059244","2023-04-30"
"2023-04","0304710000","I","대구(가두스 모르화/가두스 오각/가두스 마크로세팔루스)","수입","59726","437586","268667","1953066","2023-04-30"
"2023-04","0304740000","I","민대구(냉동한 피레트)(메루키우스종ㆍ유르피키스종)","수입","47074","109301","47176","110112","2023-04-30"
"2023-04","0304750000","I","명태(냉동한 피레트)(테라그라 찰코그라마)","수입","1485780","4460653","6015414","19523750","2023-04-30"
"2023-04","0304790000","I","브레그마세로티대과외6종무리에놀레피디대과어류의(냉동한피레트)","수입","0","0","34510","164964","2023-04-30"
"2023-04","0304810000","I","태평양 연어(옹코링쿠스 -넬카/고르부스카/케타/차비차/키수츠/마소/로두루스)/ 대서양 연어(살모 살라)/다뉴브 연어(후코 후코))","수입","230546","2195419","530800","5410297","2023-04-30"
"2023-04","0304831000","I","가자미(냉동한 피레트)","수입","148474","866564","629492","3665797","2023-04-30"
"2023-04","0304839000","I","넙치류 기타(냉동한 피레트)","수입","24700","86940","24700","86940","2023-04-30"
"2023-04","0304840000","I","황새치(냉동한 피레트)(자이피어스 글래디어스)","수입","8012","165590","36213","718955","2023-04-30"
"2023-04","0304850000","I","이빨고기(냉동한 피레트)(디소스티쿠스종)","수입","2806","50504","2806","50504","2023-04-30"
"2023-04","0304860000","I","청어(냉동한 피레트)(클루페아 하렌구스 /클루페아팔라시)","수입","0","0","5608","10565","2023-04-30"
"2023-04","0304871000","I","참다랑어(냉동한 피레트)","수입","1084734","40086485","4380655","170878201","2023-04-30"
"2023-04","0304879000","I","다랑어 기타(냉동한 피레트)","수입","109911","863919","327318","3000858","2023-04-30"
"2023-04","0304881000","I","곱상어/ 그 밖의 상어","수입","0","0","13999","34996","2023-04-30"
"2023-04","0304891000","I","붕장어의 것(냉동한 피레트)","수입","101220","597006","413995","2408878","2023-04-30"
"2023-04","0304893000","I","틸라피아(냉동한 피레트)(오레오크로미스종은 제외한다)의 것","수입","0","0","625","18125","2023-04-30"
"2023-04","0304894000","I","쥐치의 것(냉동한 피레트)","수입","0","0","26000","169192","2023-04-30"
"2023-04","0304895000","I","고등어의것(냉동한 것)","수입","720964","3604570","1783169","9193947","2023-04-30"
"2023-04","0304899000","I","기타어류의 기타(냉동한 피레트)","수입","428916","2043856","1333266","6409617","2023-04-30"
"2023-04","0304941000","I","명태 냉동연육","수입","1583620","4596192","4350180","15290637","2023-04-30"
"2023-04","0304949000","I","명태 냉동연육 외 기타","수입","235700","157256","633207","647089","2023-04-30"
"2023-04","0304951000","I","브레그마세로티대과외6종무리에놀레피디대과어류(냉동연옥)","수입","0","0","20","164","2023-04-30"
"2023-04","0304991000","I","기타 냉동연육","수입","6019100","10627513","37076642","61126028","2023-04-30"
"2023-04","0304999000","I","기타 냉동연육 외 기타","수입","47735","185918","396042","1051113","2023-04-30"
"2023-04","0305201000","I","어류간장(건조/훈제/염장)","수입","0","0","41","327","2023-04-30"
"2023-04","0305202000","I","어란(건조)","수입","0","13","114","10331","2023-04-30"
"2023-04","0305203000","I","어란(훈제)","수입","0","0","2","2","2023-04-30"
"2023-04","0305204010","I","어란(명태/염장/염수장)","수입","0","13","9","204","2023-04-30"
"2023-04","0305204030","I","어란(청어/염장/염수장)","수입","50","3379","104","4575","2023-04-30"
"2023-04","0305204090","I","어란(명태/ 조기/ 청어이외 기타/염장/ 염수장)","수입","2015","22157","10452","165136","2023-04-30"
"2023-04","0305311000","I","틸라피아/메기/잉어/뱀장어/나일퍼치 종의 건조한 것","수입","281","3524","3250","41619","2023-04-30"
"2023-04","0305312000","I","틸라피아/메기/잉어/뱀장어/나일퍼치 종의 염장.염수장한 것","수입","0","0","0","20","2023-04-30"
"2023-04","0305321000","I","브레그마세로티대과외6종무리에놀레피디대과어류 건조한것","수입","30401","354276","87581","1046798","2023-04-30"
"2023-04","0305391000","I","기타어류의 피레트(건조한것)","수입","26","316","72","1393","2023-04-30"
"2023-04","0305410000","I","태평양 연어(옹코링쿠스- 넬카/고르부스카/케타/차비차/키수츠/마소/로두루스)/ 대서양 연어(살모 살라)/ 다뉴브 연어(후코 후코))","수입","2647","85747","18015","538475","2023-04-30"
"2023-04","0305440000","I","틸라피아/메기/잉어/뱀장어/나일퍼치 종의 훈제한 것","수입","2657","6102","3820","8993","2023-04-30"
"2023-04","0305491000","I","멸치(훈제/피레트포함)","수입","0","0","22","186","2023-04-30"
"2023-04","0305492000","I","명태(훈제/피레트포함)","수입","2","78","23","800","2023-04-30"
"2023-04","0305499000","I","어류(연어/ 청어/ 멸치/ 명태이외 기타/훈제/피레트 포함)","수입","68303","664215","413775","3981125","2023-04-30"
"2023-04","0305510000","I","대구(건조/염장불문/훈제제외)","수입","880","26530","71582","795033","2023-04-30"
"2023-04","0305520000","I","틸라피아[오레오크로미스(Oreochromis)종]/ 메기[판가시우스(Pangasius)종ㆍ실루러스(Silurus)종ㆍ클라리아스(Clarias)종ㆍ익타루러스(Ictalurus)종]/ 잉어[사이","수입","2","7","3862","32844","2023-04-30"
"2023-04","0305531000","I","기타 어류(건조)","수입","547658","6015270","1786415","19441071","2023-04-30"
"2023-04","0305539000","I","기타 어류(건조)","수입","0","0","2","35","2023-04-30"
"2023-04","0305541000","I","멸치[엔그라울리스(Engraulis)종]","수입","2192","22445","11927","92407","2023-04-30"
"2023-04","0305549000","I","기타","수입","1021","9113","13593","91666","2023-04-30"
"2023-04","0305594000","I","조기(건조/염장불문/훈제제외)","수입","0","0","26","504","2023-04-30"
"2023-04","0305599000","I","어류(대구/상어지느러미/멸치/명태/조기등외기타건조/훈제제외)","수입","151620","654178","512668","2296998","2023-04-30"
"2023-04","0305631000","I","멸치젓(염장/염수장)","수입","87","1296","191","2555","2023-04-30"
"2023-04","0305639000","I","멸치(멸치젓 이외 기타/염장/ 염수장)","수입","0","0","2","38","2023-04-30"
"2023-04","0305640000","I","틸라피아/메기/잉어/뱀장어/나일퍼치 종의 건조한 것","수입","1","2","10804","38013","2023-04-30"
"2023-04","0305692000","I","송어(염장/염수장)","수입","0","0","120","3636","2023-04-30"
"2023-04","0305695000","I","고등어(염장/염수장)","수입","5","24","26","180","2023-04-30"
"2023-04","0305699000","I","어류(청어/대구/연어/송어/갈치/정어리/고등어 등 이외)","수입","1999","29160","6836","83075","2023-04-30"
"2023-04","0305712000","I","상어 지느러미(건조한 것)","수입","80","650","160","40618","2023-04-30"
"2023-04","0305713000","I","상어 지느러미(염장 또는 염수장한것)","수입","1","3","1","3","2023-04-30"
"2023-04","0305720000","I","대구(가두스모르화)/ 대구 이외","수입","30615","100067","136802","434048","2023-04-30"
"2023-04","0305790000","I","기타 어류의 머리 꼬리","수입","32201","153422","122997","733618","2023-04-30"
"2023-04","0306119000","I","닭새우류(팔리누루스종 파누리루스종 자수스종)(냉동한것)(기타)","수입","4010","126550","4010","126550","2023-04-30"
"2023-04","0306129000","I","바닷가재(호마루스종)(냉동한 것) 훈제한 것(기타)","수입","73323","2205065","227353","6080528","2023-04-30"
"2023-04","0306141090","I","게살(냉동한 것) 훈제한 것(기타)","수입","5818","62230","48548","580491","2023-04-30"
"2023-04","0306142000","I","왕게(냉동)","수입","114390","2255337","357808","5219479","2023-04-30"
"2023-04","0306143090","I","꽃게(냉동한 것) 기타","수입","674965","1959906","5243217","16026670","2023-04-30"
"2023-04","0306149090","I","갑각류 기타(냉동한 것)(훈제한것 외 기타)","수입","1741732","7928267","6992031","38378676","2023-04-30"
"2023-04","0306159000","I","노르웨이 바닷가재(네프로프스 노르베지쿠스)(냉동한 것)(기타)","수입","0","0","29","1603","2023-04-30"
"2023-04","0306161090","I","냉수성 새우류(판달러스종/크란곤 크란곤)의 새우살(냉동한 것)(훈제한 것 외 기타)","수입","8420","219216","32795","900125","2023-04-30"
"2023-04","0306169090","I","냉수성 새우류(판달러스종/크란곤 크란곤)기타(냉동한 것)(훈제한 것)","수입","264780","4543978","509353","7245894","2023-04-30"
"2023-04","0306171090","I","기타의 새우류의 새우살(냉동한 것)(훈제한 것 외 기타)","수입","2971831","26005463","12072658","105598806","2023-04-30"
"2023-04","0306179091","I","흰다리새우{리토페나에수스바나메이)","수입","1120113","6919654","4339099","27373623","2023-04-30"
"2023-04","0306179099","I","기타","수입","219264","2566772","1348099","13421074","2023-04-30"
"2023-04","0306199000","I","기타[분ㆍ조분 및 펠리트를 포함(식용에 적합)](냉동한 것)(훈제한 것 외 기타)","수입","15833","116591","121635","927952","2023-04-30"
"2023-04","0306310000","I","닭새우류[팔리누루스(Palinurus)종ㆍ파누리루스(Panulirus)종ㆍ자수스(Jasus)종]","수입","1875","64888","6549","235193","2023-04-30"
"2023-04","0306320000","I","바닷가재[호마루스(Homarus)종]","수입","77047","2600260","511914","14731726","2023-04-30"
"2023-04","0306332000","I","대게","수입","857055","15891531","3171087","71117702","2023-04-30"
"2023-04","0306339000","I","게(기타)","수입","706416","5602188","3645131","59362266","2023-04-30"
"2023-04","0306340000","I","노르웨이 바닷가재[네프로프스 노르베지쿠스(Nephrops norvegicus)]","수입","153","9165","537","32086","2023-04-30"
"2023-04","0306360000","I","그 밖의 새우류","수입","4860","45171","9930","420002","2023-04-30"
"2023-04","0306390000","I","기타[식용에 적합한 것으로서 고운 가루ㆍ거친 가루와 펠릿(pellet)을 포함한다]","수입","111","4067","327","17020","2023-04-30"
"2023-04","0306930000","I","게(건조/ 염상/염수장/ 훈제/ 기타)-게살포함","수입","0","0","3960","27938","2023-04-30"
"2023-04","0306959020","I","건조한 것","수입","132727","1305738","531639","5304461","2023-04-30"
"2023-04","0306959030","I","염장이나 염수장한 것","수입","599937","536624","2468861","2079755","2023-04-30"
"2023-04","0306959040","I","훈제한 것","수입","0","0","4","13","2023-04-30"
"2023-04","0306992000","I","건조한 것","수입","137","1692","202","2191","2023-04-30"
"2023-04","0306993000","I","염장이나 염수장한 것","수입","0","0","1260","6303","2023-04-30"
"2023-04","0306994000","I","훈제한 것","수입","4","38","8","63","2023-04-30"
"2023-04","0307111090","I","굴치패 종패용 외 기타(산 것  신선 또는 냉장한 것)","수입","0","0","2","8","2023-04-30"
"2023-04","0307119000","I","굴치패 기타(산 것 신선 또는 냉장한 것)","수입","294","3724","122313","134545","2023-04-30"
"2023-04","0307120000","I","냉동한 것","수입","4","18","4","18","2023-04-30"
"2023-04","0307192000","I","기타 굴(건조한 것)","수입","375","4015","2800","26945","2023-04-30"
"2023-04","0307211000","I","가리비과의조개(산것/ 신선/ 냉장) - 펙텐/ 클라미스/ 프라코펙텐 속의 것","수입","16856","9504","16856","9504","2023-04-30"
"2023-04","0307219000","I","가리비과의조개 기타(산것/ 신선/ 냉장) - 펙텐/ 클라미스/ 프라코펙텐 속의 것 제외","수입","485209","2030412","3409148","15005303","2023-04-30"
"2023-04","0307221000","I","가리비과의조개(냉동)","수입","3154","23875","12329","173857","2023-04-30"
"2023-04","0307229000","I","가리비과의조개(냉동)","수입","59015","450584","254398","1997108","2023-04-30"
"2023-04","0307299000","I","기타 가리비과의조개(기타)","수입","136","945","418","3571","2023-04-30"
"2023-04","0307320000","I","냉동한 것","수입","243","1557","5694","23148","2023-04-30"
"2023-04","0307392000","I","홍합(건조)","수입","7","73","24","423","2023-04-30"
"2023-04","0307399000","I","홍합(산 것/ 신선/ 냉장/ 냉동/ 건조 이외 기타)","수입","0","0","1","30","2023-04-30"
"2023-04","0307421010","I","세피아 오피시날리스(Sepia officinalis)ㆍ로시아 마크로소마(Rossia macrosoma)ㆍ세피올라(Sepiola)종","수입","0","0","8","99","2023-04-30"
"2023-04","0307421090","I","기타","수입","375","4310","1636","18806","2023-04-30"
"2023-04","0307422090","I","기타","수입","0","0","48000","81738","2023-04-30"
"2023-04","0307431010","I","세피아 오피시날리스(Sepia officinalis)ㆍ로시아 마크로소마(Rossia macrosoma)ㆍ세피올라(Sepiola)종","수입","9788","77743","32359","229256","2023-04-30"
"2023-04","0307431090","I","기타","수입","493544","3819318","1720394","12475298","2023-04-30"
"2023-04","0307432010","I","옴마스트레페스(Ommastrephes)종ㆍ로리고(Loligo)종ㆍ노토토다루스(Nototodarus)종ㆍ세피오투디스(Sepioteuthis)종","수입","231991","1459169","711112","4868914","2023-04-30"
"2023-04","0307432090","I","기타","수입","9481529","21485500","34111085","80130659","2023-04-30"
"2023-04","0307492090","I","기타","수입","2","29","2","29","2023-04-30"
"2023-04","0307493010","I","갑오징어[세피아 오피시날리스(Sepia officinalis)ㆍ로시아 마크로소마(Rossia macrosoma)ㆍ세피올라(Sepiola)종]와 오징어[옴마스트레페스(Ommastrephes)종ㆍ로","수입","45922","1467751","191417","5827874","2023-04-30"
"2023-04","0307493090","I","기타","수입","81809","994727","237848","2881601","2023-04-30"
"2023-04","0307494090","I","기타","수입","9","187","15","325","2023-04-30"
"2023-04","0307511000","I","낙지(산것/신선/ 냉장)","수입","500658","8581644","1734754","30611249","2023-04-30"
"2023-04","0307512000","I","주꾸미(산것/신선/ 냉장)","수입","489646","2059831","1348569","5518393","2023-04-30"
"2023-04","0307519000","I","기타문어(산것/신선/ 냉장)","수입","1","4","602","5482","2023-04-30"
"2023-04","0307521000","I","문어","수입","354654","3351055","1781260","16648381","2023-04-30"
"2023-04","0307522000","I","낙지","수입","1523129","10222110","7070026","44103827","2023-04-30"
"2023-04","0307523000","I","쭈꾸미","수입","1570318","10328636","7539467","48585196","2023-04-30"
"2023-04","0307529000","I","기타","수입","0","0","1","140","2023-04-30"
"2023-04","0307592000","I","문어(건조)","수입","427","9594","601","12157","2023-04-30"
"2023-04","0307599000","I","문어(산것/ 신선/ 냉장/ 냉동/ 건조 이외 기타)","수입","18354","171761","24363","209131","2023-04-30"
"2023-04","0307711000","I","백합","수입","1213581","1635102","5111035","7202906","2023-04-30"
"2023-04","0307712010","I","피조개 종패용(산 것  신선 또는 냉장한 것)","수입","22902","66000","230927","578116","2023-04-30"
"2023-04","0307712090","I","피조개 기타(산 것  신선 또는 냉장한 것)","수입","0","0","116420","220043","2023-04-30"
"2023-04","0307714000","I","바지락(산 것 신선 또는 냉장한 것)","수입","1463865","2499410","6679330","10425408","2023-04-30"
"2023-04","0307715000","I","개조개","수입","26950","124964","199100","945355","2023-04-30"
"2023-04","0307719000","I","클램/ 새조개 및 피조개 기타 살아있는겄/ 신선한 것/ 냉장한 것","수입","156748","533566","897349","2217937","2023-04-30"
"2023-04","0307721000","I","새조개","수입","2020","18195","10260","87399","2023-04-30"
"2023-04","0307723000","I","바지락","수입","150828","279555","1204319","2140716","2023-04-30"
"2023-04","0307724000","I","피조개","수입","2850","35452","4020","42512","2023-04-30"
"2023-04","0307725000","I","개조개","수입","0","0","38540","249711","2023-04-30"
"2023-04","0307729000","I","기타","수입","160838","606003","527803","1669854","2023-04-30"
"2023-04","0307792010","I","개량조개(건조)","수입","6000","62025","6000","62025","2023-04-30"
"2023-04","0307793020","I","바지락(염장 또는 염수장한 것)","수입","0","0","224800","1451784","2023-04-30"
"2023-04","0307793090","I","클램/ 새조개 및 피조개 기타(염장 또는 염수장한 것)","수입","72","645","223","2775","2023-04-30"
"2023-04","0307820000","I","살아있거나/ 신선하거나 냉장한 수정고둥류[스트롬버스(Strombus)종]","수입","35","108","418","782","2023-04-30"
"2023-04","0307872000","I","염장이나 염수장한 것","수입","0","0","1","42","2023-04-30"
"2023-04","0307913000","I","개아지살(산 것 신선 또는 냉장한 것)","수입","1","26","76","11434","2023-04-30"
"2023-04","0307914000","I","재첩(산 것 신선 또는 냉장한 것)","수입","95540","84249","566260","490170","2023-04-30"
"2023-04","0307919000","I","기타[분 조분 펠리트 포함(식용 적합)]의 기타(산/신선/냉장)","수입","262","1950","122781","407131","2023-04-30"
"2023-04","0307921000","I","개아지살","수입","87267","1300497","711006","9911806","2023-04-30"
"2023-04","0307922000","I","소라","수입","0","0","9","85","2023-04-30"
"2023-04","0307929000","I","기타","수입","249557","1357764","1330114","8826960","2023-04-30"
"2023-04","0307992900","I","기타[분 조분 펠리트를 포함(식용에 적합한)]의 기타(건조)","수입","1","16","4","62","2023-04-30"
"2023-04","0308110000","I","해삼(산 것 신선 또는 냉장한 것)","수입","4","30","31","185","2023-04-30"
"2023-04","0308120000","I","냉동한 것","수입","23436","116388","97822","421341","2023-04-30"
"2023-04","0308192000","I","해삼(건조한 것)","수입","247","8785","754","26351","2023-04-30"
"2023-04","0308210000","I","성게(산 것 신선 또는 냉장한 것)","수입","13100","1661088","41267","5709149","2023-04-30"
"2023-04","0308220000","I","냉동한 것","수입","2566","181543","17939","1357276","2023-04-30"
"2023-04","0308301000","I","해파리(산 것 신선 또는 냉장한 것)","수입","312","15288","315","16202","2023-04-30"
"2023-04","0308304000","I","해파리(염장 또는 염수장한 것)","수입","344228","907589","1748521","4221813","2023-04-30"
"2023-04","0308901019","I","우렁쉥이(기타)(산 것 신선 또는 냉장한 것)","수입","0","0","397950","878965","2023-04-30"
"2023-04","0308901090","I","수생무척추동물의 기타(산 것)","수입","24823","364086","67845","1111651","2023-04-30"
"2023-04","0308904000","I","수생무척추동물의 기타(염장 또는 염수장한 것)","수입","0","0","14331","35555","2023-04-30"
"2023-04","0309100000","I","식용어류분","수입","6","62","4095","38999","2023-04-30"
"2023-04","0309901000","I","식용어류분","수입","0","0","300","3999","2023-04-30"
"2023-04","0309902000","I","식용어류분","수입","32300","305019","51303","532019","2023-04-30"
"2023-04","0309909000","I","식용어류분","수입","1023","34180","1157","35358","2023-04-30"
"2023-04","0508001000","I","산호(coral)","수입","2","279","29032","14920","2023-04-30"
"2023-04","0508002010","I","진주패각","수입","0","0","13252","240450","2023-04-30"
"2023-04","0508002020","I","청패각(전복)","수입","0","89","11450","96974","2023-04-30"
"2023-04","0508002030","I","첩패각과 지첩패각","수입","426669","431099","1277713","1131906","2023-04-30"
"2023-04","0508002040","I","야광패각(소라)","수입","20600","47728","61800","140807","2023-04-30"
"2023-04","0508002090","I","기타패각","수입","992510","184103","2564324","480449","2023-04-30"
"2023-04","0508009000","I","연체동물/갑각류/극피동물","수입","48","407","53488","59982","2023-04-30"
"2023-04","0511911010","I","부화용알(브라인슈림프알)","수입","3164","272695","32578","1462143","2023-04-30"
"2023-04","0511911090","I","부화용알(브라인슈림프 알 이","수입","0","0","112","36718","2023-04-30"
"2023-04","0511912000","I","어류의웨이스트","수입","148500","288590","842090","1485685","2023-04-30"
"2023-04","0511919000","I","어류/갑각류/연체동물/수행동","수입","111539","140908","234865","435517","2023-04-30"
"2023-04","0511996000","I","동물성의해면","수입","142","14781","2354","138209","2023-04-30"
"2023-04","1212211010","I","김(건조한 것)(식용의 것)","수입","8468","152098","8601","153585","2023-04-30"
"2023-04","1212211090","I","김(기타)(식용의 것)","수입","51","784","163","2108","2023-04-30"
"2023-04","1212212010","I","미역(건조한 것)(식용의 것)","수입","20241","163731","96340","739856","2023-04-30"
"2023-04","1212212020","I","미역(염장한 것)(식용의 것)","수입","162547","355784","475518","1061481","2023-04-30"
"2023-04","1212212090","I","미역(기타)(식용의 것)","수입","0","0","18","564","2023-04-30"
"2023-04","1212213010","I","톳(건조한 것)(식용의 것)","수입","1","430","4","572","2023-04-30"
"2023-04","1212213090","I","톳(기타)(식용의 것)","수입","0","0","1","12","2023-04-30"
"2023-04","1212214090","I","파래(기타)(식용의 것)","수입","10","1960","10","1960","2023-04-30"
"2023-04","1212215010","I","다시마(염장한 것)(식용의 것)","수입","3","9","19","285","2023-04-30"
"2023-04","1212215090","I","다시마(기타)(식용의 것)","수입","49","324","133","2161","2023-04-30"
"2023-04","1212216090","I","우뭇가사리(기타)(식용의 것)","수입","0","0","60001","172721","2023-04-30"
"2023-04","1212218029","I","진두발(기타)(식용의 것)","수입","7","298","23124","86651","2023-04-30"
"2023-04","1212218031","I","말(냉동)(식용의 것)","수입","0","0","810","6109","2023-04-30"
"2023-04","1212218039","I","말(기타)(식용의 것)","수입","0","0","2280","3397","2023-04-30"
"2023-04","1212219019","I","코토니 및 스피노잠(기타)(식용의 것)","수입","496250","886883","2364920","3147638","2023-04-30"
"2023-04","1212219099","I","해초류와 기타조류 기타(기타)(식용의 것)","수입","4845","77582","495127","1202316","2023-04-30"
"2023-04","1212291090","I","김(기타)","수입","6","41","26","233","2023-04-30"
"2023-04","1212292010","I","미역(냉동한 것)","수입","0","0","4","16","2023-04-30"
"2023-04","1212292090","I","미역(기타)","수입","0","0","3","16","2023-04-30"
"2023-04","1212293090","I","톳(기타)","수입","1","39","1","39","2023-04-30"
"2023-04","1212295090","I","다시마(기타)","수입","963","808","7852","7319","2023-04-30"
"2023-04","1212298019","I","도박(기타)","수입","0","0","0","2","2023-04-30"
"2023-04","1212298039","I","말(기타)","수입","0","0","3068","6777","2023-04-30"
"2023-04","1212299091","I","해초류와 기타조류 기타(냉동","수입","0","0","1","12","2023-04-30"
"2023-04","1212299099","I","해초류와 기타조류 기타(기타)","수입","7403","7976","27756","67533","2023-04-30"
"2023-04","1302311000","I","실한천","수입","800","11850","5980","103464","2023-04-30"
"2023-04","1302312000","I","분한천","수입","25911","425799","175660","2827310","2023-04-30"
"2023-04","1302319000","I","한천(실한천/분한천 이외 기타)","수입","303","11966","3609","124041","2023-04-30"
"2023-04","1504101000","I","상어의 간유(肝油)와 그 분획물","수입","0","0","23485","214055","2023-04-30"
"2023-04","1504109000","I","어류의간유/분획물(상어의간유","수입","15202","24937","15923","75621","2023-04-30"
"2023-04","1504200000","I","어류의 지방과 기름 및 그 분획물[간유(肝油)는 제외한다]","수입","445837","1557024","1554216","4573979","2023-04-30"
"2023-04","1504309000","I","기타해서포유동물의 유지와 그","수입","4","48","39","880","2023-04-30"
"2023-04","1516102000","I","고래기름/분획물(수소 첨가/","수입","0","0","4","52","2023-04-30"
"2023-04","1603003000","I","어류의액스","수입","308","2434","16421","130656","2023-04-30"
"2023-04","1603004000","I","어류의즙","수입","1301","1768","1775","12874","2023-04-30"
"2023-04","1603009000","I","갑각류/연체동물/수생동물의","수입","21884","405167","115681","748109","2023-04-30"
"2023-04","1604111000","I","연어(조제/밀폐용기에 넣은 것)","수입","2425","17918","2542","21652","2023-04-30"
"2023-04","1604119000","I","연어(조제/밀페용기에 넣은 것 이외 기타)","수입","2451","55380","13150","259487","2023-04-30"
"2023-04","1604121000","I","청어(밀폐용기에넣은것)","수입","99","2415","26846","160426","2023-04-30"
"2023-04","1604129000","I","청어(통조림외조제품)","수입","1","62","353","5097","2023-04-30"
"2023-04","1604131000","I","정어리(밀폐용기에넣은것)","수입","19437","54285","44710","114987","2023-04-30"
"2023-04","1604139000","I","정어리(통조림외조제품)","수입","62","1216","265","5926","2023-04-30"
"2023-04","1604141011","I","다랭이(기름담금)","수입","368","6100","30373","163795","2023-04-30"
"2023-04","1604141012","I","다랭이(보일드)","수입","12","236","5159","31719","2023-04-30"
"2023-04","1604141019","I","다랭이류(다랭이/ 가다랭이 이외 기타/조제/밀폐용기에 넣은 것)","수입","50749","287840","70888","412930","2023-04-30"
"2023-04","1604141021","I","다랭이류(조제/밀폐용기에 넣은 것 이외 기타)","수입","105553","389559","468453","1722478","2023-04-30"
"2023-04","1604141029","I","가다랭이(기타)","수입","17799","57138","176948","604558","2023-04-30"
"2023-04","1604141031","I","버니토우(기름담근것(밀폐용기","수입","18048","51757","36096","103143","2023-04-30"
"2023-04","1604141039","I","버니토우(기타)","수입","4","44","310","2273","2023-04-30"
"2023-04","1604149000","I","다랭이류(조제/밀폐용기에 넣은 것 이외 기타)","수입","86090","449610","567982","2923110","2023-04-30"
"2023-04","1604151000","I","고등어(조제/밀폐용기에 넣은 것)","수입","60445","206497","210910","989862","2023-04-30"
"2023-04","1604159000","I","고등어(조제/밀폐용기에 넣은 것 이외 기타)","수입","1454","17205","5219","50184","2023-04-30"
"2023-04","1604161000","I","멸치(조제/밀폐용기에 넣은 것)","수입","2284","54155","15062","256383","2023-04-30"
"2023-04","1604169000","I","전갱이(조제/밀폐용기에 넣은 것 이외 기타)","수입","180","2782","8802","106839","2023-04-30"
"2023-04","1604171000","I","뱀장어(조제 또는 저장처리)(밀폐용기에 넣은 것)","수입","7000","115723","21588","371711","2023-04-30"
"2023-04","1604179000","I","뱀장어(조제 또는 저장처리)","수입","168132","3017432","466608","8311948","2023-04-30"
"2023-04","1604180000","I","상어지느러미/ 기타조제저장처리상어지느러미(밀폐용기에넣은것 포함/ 밀폐용기이외)","수입","1080","68818","9240","1095786","2023-04-30"
"2023-04","1604191010","I","꽁치(통조림외조제품)","수입","0","0","5","97","2023-04-30"
"2023-04","1604191020","I","전갱이(밀폐용기에넣은것)","수입","3320","11480","3707","13970","2023-04-30"
"2023-04","1604191090","I","어류조제품(연어/청어/정어리/고등어 등 밀폐용기에넣은것)","수입","2209","9266","46642","208014","2023-04-30"
"2023-04","1604199010","I","쥐치포(조제/밀페용기 이외 기타)","수입","502783","4314022","1658688","14572585","2023-04-30"
"2023-04","1604199090","I","어류조제품(연어/청어/고등어/기타/조제/밀폐용기에 넣은 것)","수입","994461","5137483","3769214","20110823","2023-04-30"
"2023-04","1604201000","I","생선페이스트","수입","654","7494","4794","44041","2023-04-30"
"2023-04","1604202000","I","생선마리네이드","수입","150","2274","7305","68262","2023-04-30"
"2023-04","1604203000","I","생선소시지","수입","1732","38100","2016","43594","2023-04-30"
"2023-04","1604204010","I","생선묵(게맛)","수입","123471","385186","454416","1589031","2023-04-30"
"2023-04","1604204090","I","생선묵(게맛의 것 이외 기타)","수입","250625","1193093","1193504","5389488","2023-04-30"
"2023-04","1604209000","I","어류조제/저장제품(생선 페이스트/마리네이드/소시지/생선묵)","수입","327484","1453289","1317719","6410199","2023-04-30"
"2023-04","1604310000","I","캐비아","수입","300","247795","970","811347","2023-04-30"
"2023-04","1604320000","I","캐비아 대용물","수입","142379","2195074","716759","11447956","2023-04-30"
"2023-04","1605101010","I","게살(밀폐용기에넣은것)","수입","246","3015","2066","59324","2023-04-30"
"2023-04","1605101091","I","붉은 대게살(밀폐용기에 넣은 것/ 훈제한 것 이외 기타)","수입","1","6","10","162","2023-04-30"
"2023-04","1605101099","I","기타 게살(밀폐용기에 넣은 것/ 훈제한 것 이외 기타)","수입","7","46","3638","70515","2023-04-30"
"2023-04","1605109000","I","게 조제품(게살 이외 기타)","수입","1998","21057","11116","119639","2023-04-30"
"2023-04","1605211000","I","새우류(조제 또는 저장처리)(밀폐용기에 넣지 아니한 것)(브레드한 것)","수입","1352369","9165974","4765316","32511090","2023-04-30"
"2023-04","1605219000","I","새우류(조제 또는 저장처리)(밀폐용기에 넣지 아니한 것)(기타)","수입","636582","6908338","2600378","29970600","2023-04-30"
"2023-04","1605290000","I","새우류(조제 또는 저장처리)","수입","8731","119508","66476","810964","2023-04-30"
"2023-04","1605301000","I","바다가재(밀폐용기에넣은것)","수입","13","861","13","861","2023-04-30"
"2023-04","1605309000","I","바다가재(통조림외)","수입","4790","14262","59287","203025","2023-04-30"
"2023-04","1605409000","I","갑각류 조제품(게/새우/바다가재기타/밀폐용기에넣은것이외기타)","수입","37","376","100","1592","2023-04-30"
"2023-04","1605511000","I","굴(조제 또는 저장처리)(밀폐용기에 넣은 것)","수입","31","551","122","2099","2023-04-30"
"2023-04","1605519000","I","굴(조제 또는 저장처리)(기타)","수입","0","0","123","161","2023-04-30"
"2023-04","1605520000","I","가리비과의조개(조제/저장/기타/ 밀폐용기에 넣은 것 포함)","수입","180114","1408040","720345","4809470","2023-04-30"
"2023-04","1605531000","I","홍합(조제 또는 저장처리)(밀폐용기에 넣은 것)","수입","65","709","65","709","2023-04-30"
"2023-04","1605539000","I","홍합(조제 또는 저장처리)(기타)","수입","337272","1400599","1580556","6502488","2023-04-30"
"2023-04","1605541000","I","갑오징어/ 기타조제저장처리갑오징어(밀폐용기에넣은것 포함/ 밀폐용기이외)","수입","0","0","4559","38772","2023-04-30"
"2023-04","1605542010","I","오징어(조제 또는 저장처리)(밀폐용기에 넣은 것)","수입","272","8762","1863","60488","2023-04-30"
"2023-04","1605542091","I","조미오징어(조제 또는 저장처리)(밀폐용기에 넣은 것)","수입","961100","4117054","3384607","15955882","2023-04-30"
"2023-04","1605542099","I","오징어 기타(조제 또는 저장처리)","수입","2944857","12067950","10170818","43970795","2023-04-30"
"2023-04","1605550000","I","문어/ 기타조제저장처리문어(밀폐용기에넣은것 포함/ 밀폐용기이외)","수입","392191","2757741","1945270","13644460","2023-04-30"
"2023-04","1605561010","I","바지락(조제 또는 저장처리)(밀폐용기에 넣은 것)","수입","0","0","2123","27699","2023-04-30"
"2023-04","1605561090","I","바지락(조제 또는 저장처리)(기타)","수입","377850","946643","1795139","4540158","2023-04-30"
"2023-04","1605562010","I","새조개(조제 또는 저장처리)(밀폐용기에 넣은 것)","수입","102","676","102","676","2023-04-30"
"2023-04","1605569010","I","클램/ 새조개 및 피조개 기타(조제 또는 저장처리)(밀폐용기에 넣은 것)","수입","3","72","26","2570","2023-04-30"
"2023-04","1605569090","I","클램/ 새조개 및 피조개 기타(조제 또는 저장처리)(기타)","수입","25306","127483","181694","880809","2023-04-30"
"2023-04","1605571000","I","전복(밀폐용기에넣은것)","수입","13","185","14","224","2023-04-30"
"2023-04","1605579000","I","전복(조제 또는 저장처리) 기타","수입","46446","1195939","245966","5272517","2023-04-30"
"2023-04","1605581000","I","달팽이(조제 또는 저장처리)(밀폐용기에 넣은 것)","수입","0","0","468","12261","2023-04-30"
"2023-04","1605589000","I","달팽이(조제 또는 저장처리)(기타)","수입","42303","300678","120213","972077","2023-04-30"
"2023-04","1605591010","I","골뱅이(조제 또는 저장처리)(밀폐용기에 넣은 것)","수입","38","699","38","699","2023-04-30"
"2023-04","1605591090","I","골뱅이(조제 또는 저장처리)(기타)","수입","233163","2168854","817284","7705955","2023-04-30"
"2023-04","1605592010","I","소라(밀폐용기에 넣은것)","수입","0","0","0","11","2023-04-30"
"2023-04","1605592090","I","소라(조제 또는 저장처리)기타","수입","113085","552607","478232","2571809","2023-04-30"
"2023-04","1605599010","I","연체동물 기타(조제 또는 저장처리)(밀폐용기에 넣은 것)","수입","0","0","5","146","2023-04-30"
"2023-04","1605599090","I","연체동물 기타(조제 또는 저장처리)(기타)","수입","383556","2060364","1619305","10355297","2023-04-30"
"2023-04","1605611000","I","해삼(조제 또는 저장처리)(밀폐용기에 넣은 것)","수입","0","0","2","36","2023-04-30"
"2023-04","1605619000","I","해삼(조제 또는 저장처리)기타","수입","89936","1255937","478432","5355066","2023-04-30"
"2023-04","1605621000","I","성게(조제 또는 저장처리)(밀폐용기에 넣은 것)","수입","192","4958","192","4958","2023-04-30"
"2023-04","1605629000","I","성게(조제 또는 저장처리)(기타)","수입","220","11529","937","47591","2023-04-30"
"2023-04","1605631000","I","해파리(조제 또는 저장처리)(밀폐용기에 넣은 것)","수입","485","3390","624","5201","2023-04-30"
"2023-04","1605639000","I","해파리(조제 또는 저장처리)(기타)","수입","4403","56421","14686","175697","2023-04-30"
"2023-04","1605690000","I","기타조제저장처리수생무척추동물(밀폐용기에넣은것 포함/ 밀폐용기에 넣지 않은 것)-해삼/성게/해파리제외","수입","10923","71108","15060","120031","2023-04-30"
"2023-04","2008995010","I","김","수입","2724","130315","33917","496286","2023-04-30"
"2023-04","2008995090","I","조제한 해조류 김 제외","수입","4897","54579","20792","204847","2023-04-30"
"2023-04","2102203010","I","클로렐라 효모(둥글넓적한 것)","수입","2","61","2","61","2023-04-30"
"2023-04","2102203090","I","클로렐라 효모(기타)","수입","28","636","1381","26343","2023-04-30"
"2023-04","2102204010","I","스리루리나 효모(둥글넓적한 것)","수입","739","17932","2853","92231","2023-04-30"
"2023-04","2102204090","I","스리루리나 효모(기타)","수입","4104","97610","9839","200925","2023-04-30"
"2023-04","2104102000","I","어류의 수우프/ 브로드와 수우프 브로드 제조용 조제품","수입","47","462","2666","24467","2023-04-30"
"2023-04","2301201000","I","어류의 분.조분 및 펠리트","수입","5958929","10793707","19199969","35218216","2023-04-30"
"2023-04","2301209000","I","어류외기타 분.조분 및 펠리트","수입","179950","168984","551513","644483","2023-04-30"
"2023-04","2501001010","I","암염(岩鹽)","수입","206759","56061","935874","413506","2023-04-30"
"2023-04","2501001020","I","천일염","수입","286724725","12065393","1352470226","58182965","2023-04-30"
"2023-04","2501009010","I","식염","수입","19581548","1765806","75834771","7224070","2023-04-30"
"2023-04","2501009020","I","순염화나트륨","수입","1489894","774037","6000506","3328311","2023-04-30"
"2023-04","2501009090","I","기타소금/해수","수입","2824467","581707","14127187","2412483","2023-04-30"
"2023-04","4103901010","I","원피(장어류의 것)(비유연처리의 것)","수입","0","0","47","389","2023-04-30"
"2023-04","7101210000","I","양식진주(가공하지않은것)","수입","94","26905","219","74278","2023-04-30"
"2023-04","7101220000","I","양식진주(가공한것)","수입","168","328144","744","934491","2023-04-30"
"2023-04","7116101000","I","천연진주로만든 것","수입","0","559","19","19648","2023-04-30"
"2023-04","7116102000","I","양식진주로 만든 것","수입","697","483908","1984","1392550","2023-04-30"
"2023-04","9601901090","I","패각(기타)","수입","65581","115271","208919","305719","2023-04-30"
"2023-04","9606291000","I","조개껍질로 만든것","수입","1788","66121","4835","252665","2023-04-30"
